_class,username,fullname,email,location,gender,age,password,dummy
models.User,afisher0,Aaron Fisher,afisher0@economist.com,Kitaibaraki,Male,92196,afisher0,
models.User,jholmes1,Jane Holmes,jholmes1@a8.net,Želetava,Female,17,jholmes1,
models.User,cparker2,Carlos Parker,cparker2@dropbox.com,Muarapinang,Male,74,cparker2,
models.User,mberry3,Martin Berry,mberry3@canalblog.com,Guanajay,Male,39,mberry3,
models.User,bgordon4,Bruce Gordon,bgordon4@yahoo.co.jp,Asheville,Male,12,bgordon4,
models.User,swalker5,Scott Walker,swalker5@arstechnica.com,Chengxi,Male,34,swalker5,
models.User,eross6,Eric Ross,eross6@goo.gl,Hujirt,Male,1,eross6,
models.User,jhansen7,Joe Hansen,jhansen7@qq.com,Wuyang,Male,30276,jhansen7,
models.User,dknight8,Doris Knight,dknight8@constantcontact.com,Alençon,Female,4242,dknight8,
models.User,pturner9,Philip Turner,pturner9@reddit.com,Sinubong,Male,60239,pturner9,
models.User,wlawrencea,Wanda Lawrence,wlawrencea@usa.gov,Shiqiaotou,Female,28858,wlawrencea,
models.User,dnguyenb,David Nguyen,dnguyenb@github.io,Tabogon,Male,42043,dnguyenb,
models.User,wfieldsc,Wayne Fields,wfieldsc@toplist.cz,Gaoyang,Male,95,wfieldsc,
models.User,jrileyd,Johnny Riley,jrileyd@yellowpages.com,Sośno,Male,5631,jrileyd,
models.User,hmurraye,Harry Murray,hmurraye@uol.com.br,Kasina Wielka,Male,89532,hmurraye,
models.User,cwellsf,Carol Wells,cwellsf@webmd.com,San Antonio,Female,53,cwellsf,
models.User,esandersg,Earl Sanders,esandersg@prweb.com,Nichinan,Male,40,esandersg,
models.User,jshawh,Joe Shaw,jshawh@hp.com,Chociwel,Male,96667,jshawh,
models.User,jharti,Jose Hart,jharti@columbia.edu,Portão,Male,91,jharti,
models.User,fjenkinsj,Frances Jenkins,fjenkinsj@qq.com,Fakel,Female,22,fjenkinsj,
models.User,dthomask,Dennis Thomas,dthomask@parallels.com,Santa Maria,Male,35,dthomask,
models.User,nperkinsl,Nicholas Perkins,nperkinsl@redcross.org,Hengbanqiao,Male,18,nperkinsl,
models.User,wnguyenm,Wanda Nguyen,wnguyenm@bluehost.com,Yasugichō,Female,4,wnguyenm,
models.User,mburnsn,Marie Burns,mburnsn@businesswire.com,Linköping,Female,81,mburnsn,
models.User,ahunto,Alan Hunt,ahunto@indiegogo.com,Puszczykowo,Male,6074,ahunto,
models.User,vhayesp,Virginia Hayes,vhayesp@google.nl,Štoky,Female,6,vhayesp,
models.User,epayneq,Elizabeth Payne,epayneq@mozilla.org,Kuty,Female,43615,epayneq,
models.User,cstanleyr,Charles Stanley,cstanleyr@ebay.com,Tournan-en-Brie,Male,0,cstanleyr,
models.User,bschmidts,Brandon Schmidt,bschmidts@house.gov,Yanhe,Male,7,bschmidts,
models.User,tcarrt,Tammy Carr,tcarrt@yelp.com,T’aebaek,Female,9868,tcarrt,
models.User,sparkeru,Stephen Parker,sparkeru@loc.gov,Baoshan,Male,34399,sparkeru,
models.User,hgardnerv,Howard Gardner,hgardnerv@vistaprint.com,Stochov,Male,3,hgardnerv,
models.User,pfloresw,Phillip Flores,pfloresw@ifeng.com,Västervik,Male,706,pfloresw,
models.User,rfrazierx,Rose Frazier,rfrazierx@redcross.org,Hane,Female,205,rfrazierx,
models.User,dtorresy,Denise Torres,dtorresy@instagram.com,Boshan,Female,96672,dtorresy,
models.User,aryanz,Anne Ryan,aryanz@github.io,Riofrío,Female,1919,aryanz,
models.User,awillis10,Adam Willis,awillis10@foxnews.com,Vievis,Male,21126,awillis10,
models.User,tsnyder11,Thomas Snyder,tsnyder11@fc2.com,Concordia,Male,4670,tsnyder11,
models.User,cchavez12,Cheryl Chavez,cchavez12@paginegialle.it,Ngrowo,Female,37740,cchavez12,
models.User,cgarza13,Cheryl Garza,cgarza13@icio.us,La Roche-sur-Yon,Female,52758,cgarza13,
models.User,jbell14,Julia Bell,jbell14@ucoz.ru,Rongxi,Female,836,jbell14,
models.User,lcook15,Lori Cook,lcook15@scribd.com,Bayanbaogede,Female,6503,lcook15,
models.User,nthomas16,Nicole Thomas,nthomas16@engadget.com,Kedawung,Female,1,nthomas16,
models.User,woliver17,Walter Oliver,woliver17@soundcloud.com,Kamyzyak,Male,3310,woliver17,
models.User,rlittle18,Roy Little,rlittle18@berkeley.edu,Puteran Kidul,Male,56,rlittle18,
models.User,amorrison19,Annie Morrison,amorrison19@npr.org,Sumbergayam,Female,71,amorrison19,
models.User,lnguyen1a,Lisa Nguyen,lnguyen1a@ustream.tv,Xingou,Female,981,lnguyen1a,
models.User,rdaniels1b,Ralph Daniels,rdaniels1b@php.net,Santo Niño,Male,128,rdaniels1b,
models.User,pevans1c,Paula Evans,pevans1c@auda.org.au,Krajan Gajahmati,Female,105,pevans1c,
models.User,dmyers1d,Douglas Myers,dmyers1d@edublogs.org,Toumodi,Male,56869,dmyers1d,
models.User,jwells1e,Justin Wells,jwells1e@gov.uk,Malvas,Male,2,jwells1e,
models.User,anguyen1f,Annie Nguyen,anguyen1f@ezinearticles.com,Moriya,Female,91,anguyen1f,
models.User,jgibson1g,Jacqueline Gibson,jgibson1g@cornell.edu,Aksha,Female,1,jgibson1g,
models.User,jsnyder1h,Joshua Snyder,jsnyder1h@intel.com,Nagqu,Male,1971,jsnyder1h,
models.User,cdaniels1i,Christopher Daniels,cdaniels1i@php.net,Maracay,Male,655,cdaniels1i,
models.User,rcarpenter1j,Raymond Carpenter,rcarpenter1j@taobao.com,Ning’an,Male,5,rcarpenter1j,
models.User,dhenderson1k,Donna Henderson,dhenderson1k@walmart.com,Binuangan,Female,7,dhenderson1k,
models.User,ahudson1l,Aaron Hudson,ahudson1l@theglobeandmail.com,Herrán,Male,25,ahudson1l,
models.User,jryan1m,Julia Ryan,jryan1m@indiegogo.com,Yanghe,Female,463,jryan1m,
models.User,rstone1n,Ruth Stone,rstone1n@globo.com,Pakis,Female,3,rstone1n,
models.User,tpierce1o,Teresa Pierce,tpierce1o@weibo.com,Weicheng,Female,5611,tpierce1o,
models.User,bperez1p,Barbara Perez,bperez1p@simplemachines.org,Yaroslavskiy,Female,3391,bperez1p,
models.User,rmendoza1q,Rose Mendoza,rmendoza1q@macromedia.com,Sizao,Female,8,rmendoza1q,
models.User,thall1r,Teresa Hall,thall1r@about.me,Adil Makmur,Female,235,thall1r,
models.User,jmorris1s,Judith Morris,jmorris1s@usda.gov,Pengjia Zhaizi,Female,47175,jmorris1s,
models.User,bwallace1t,Bonnie Wallace,bwallace1t@sina.com.cn,Oslo,Female,540,bwallace1t,
models.User,ejordan1u,Elizabeth Jordan,ejordan1u@smh.com.au,Cascavel,Female,8879,ejordan1u,
models.User,lreyes1v,Larry Reyes,lreyes1v@stumbleupon.com,West Palm Beach,Male,994,lreyes1v,
models.User,kmason1w,Kathryn Mason,kmason1w@arizona.edu,Tinambac,Female,0,kmason1w,
models.User,rnguyen1x,Richard Nguyen,rnguyen1x@usda.gov,Kolsko,Male,4,rnguyen1x,
models.User,ndean1y,Nicole Dean,ndean1y@army.mil,Lebel-sur-Quévillon,Female,82,ndean1y,
models.User,daustin1z,Dennis Austin,daustin1z@netscape.com,Yamrat,Male,560,daustin1z,
models.User,dromero20,Dennis Romero,dromero20@amazon.co.jp,Dawung,Male,998,dromero20,
models.User,kmarshall21,Keith Marshall,kmarshall21@bluehost.com,Sundsvall,Male,53460,kmarshall21,
models.User,portiz22,Patricia Ortiz,portiz22@yolasite.com,Porto Alegre,Female,51,portiz22,
models.User,jromero23,John Romero,jromero23@whitehouse.gov,Xinshi,Male,374,jromero23,
models.User,pjordan24,Patricia Jordan,pjordan24@mozilla.org,San Ramón,Female,528,pjordan24,
models.User,cfernandez25,Chris Fernandez,cfernandez25@wix.com,Tonoshō,Male,6,cfernandez25,
models.User,bwatkins26,Brenda Watkins,bwatkins26@mediafire.com,Zakhim,Female,174,bwatkins26,
models.User,bgeorge27,Bobby George,bgeorge27@narod.ru,Ourovéni,Male,6,bgeorge27,
models.User,rburns28,Randy Burns,rburns28@feedburner.com,Minapan,Male,96217,rburns28,
models.User,anelson29,Anna Nelson,anelson29@istockphoto.com,Mbongawani,Female,52,anelson29,
models.User,shenry2a,Sean Henry,shenry2a@gmpg.org,Perre,Male,7429,shenry2a,
models.User,cduncan2b,Cynthia Duncan,cduncan2b@xrea.com,Santa Maria,Female,59,cduncan2b,
models.User,lward2c,Linda Ward,lward2c@qq.com,Wielka Nieszawka,Female,9169,lward2c,
models.User,gmoreno2d,Gloria Moreno,gmoreno2d@ft.com,Jenzan,Female,12,gmoreno2d,
models.User,sferguson2e,Scott Ferguson,sferguson2e@mail.ru,Bồng Sơn,Male,7,sferguson2e,
models.User,sgarza2f,Shawn Garza,sgarza2f@flickr.com,Condado,Male,9028,sgarza2f,
models.User,aadams2g,Anna Adams,aadams2g@fc2.com,Katori-shi,Female,407,aadams2g,
models.User,vramos2h,Victor Ramos,vramos2h@un.org,Catanduva,Male,60,vramos2h,
models.User,jwells2i,Jane Wells,jwells2i@ted.com,Kazinka,Female,1,jwells2i,
models.User,sfernandez2j,Susan Fernandez,sfernandez2j@answers.com,Phichit,Female,1,sfernandez2j,
models.User,aoliver2k,Antonio Oliver,aoliver2k@sogou.com,Gao,Male,9220,aoliver2k,
models.User,ehamilton2l,Evelyn Hamilton,ehamilton2l@walmart.com,Jaboatão dos Guararapes,Female,3,ehamilton2l,
models.User,wmartinez2m,Wanda Martinez,wmartinez2m@businesswire.com,Sapang Buho,Female,40,wmartinez2m,
models.User,mcarter2n,Margaret Carter,mcarter2n@cocolog-nifty.com,Bålsta,Female,5468,mcarter2n,
models.User,jbennett2o,Jerry Bennett,jbennett2o@vimeo.com,Starobachaty,Male,7972,jbennett2o,
models.User,bduncan2p,Brian Duncan,bduncan2p@bloglovin.com,Serebryanyye Prudy,Male,9,bduncan2p,
models.User,rcollins2q,Russell Collins,rcollins2q@adobe.com,Maao,Male,60395,rcollins2q,
models.User,ahoward2r,Ashley Howard,ahoward2r@infoseek.co.jp,Kankan,Female,98758,ahoward2r,
models.User,glane2s,Gloria Lane,glane2s@google.co.jp,Haukivuori,Female,4,glane2s,
models.User,srichards2t,Samuel Richards,srichards2t@bandcamp.com,Meixian,Male,5740,srichards2t,
models.User,mbradley2u,Martin Bradley,mbradley2u@hc360.com,Tiztoutine,Male,49,mbradley2u,
models.User,cturner2v,Clarence Turner,cturner2v@time.com,Mbale,Male,0,cturner2v,
models.User,pgarcia2w,Phyllis Garcia,pgarcia2w@simplemachines.org,Vođinci,Female,19,pgarcia2w,
models.User,ahudson2x,Albert Hudson,ahudson2x@prweb.com,Taishan,Male,1383,ahudson2x,
models.User,emurphy2y,Eugene Murphy,emurphy2y@uiuc.edu,Tambalisa,Male,5593,emurphy2y,
models.User,pcarpenter2z,Phillip Carpenter,pcarpenter2z@hibu.com,Jingyu,Male,4,pcarpenter2z,
models.User,hcole30,Harry Cole,hcole30@mozilla.com,Chucatamani,Male,32724,hcole30,
models.User,jcarpenter31,Joe Carpenter,jcarpenter31@yahoo.co.jp,Longping,Male,8,jcarpenter31,
models.User,djohnston32,Diane Johnston,djohnston32@soundcloud.com,Kowary,Female,2922,djohnston32,
models.User,awood33,Aaron Wood,awood33@answers.com,Krapina,Male,8895,awood33,
models.User,jmatthews34,Juan Matthews,jmatthews34@prnewswire.com,Gislaved,Male,3550,jmatthews34,
models.User,kanderson35,Kathleen Anderson,kanderson35@usda.gov,Balqash,Female,3861,kanderson35,
models.User,rjackson36,Robin Jackson,rjackson36@amazonaws.com,Pindamonhangaba,Female,0,rjackson36,
models.User,jriley37,Joyce Riley,jriley37@sun.com,Putat Lor,Female,9308,jriley37,
models.User,lbarnes38,Louise Barnes,lbarnes38@youtu.be,Paritaman,Female,767,lbarnes38,
models.User,pgonzalez39,Phyllis Gonzalez,pgonzalez39@meetup.com,Rezovac,Female,3254,pgonzalez39,
models.User,jknight3a,Janet Knight,jknight3a@marriott.com,Rumburk,Female,879,jknight3a,
models.User,rbowman3b,Richard Bowman,rbowman3b@statcounter.com,Qian’an,Male,6173,rbowman3b,
models.User,cgordon3c,Carol Gordon,cgordon3c@yellowpages.com,Zhanghekou,Female,48,cgordon3c,
models.User,mhayes3d,Matthew Hayes,mhayes3d@answers.com,Lons-le-Saunier,Male,367,mhayes3d,
models.User,dpatterson3e,Dennis Patterson,dpatterson3e@scientificamerican.com,Iporá,Male,97651,dpatterson3e,
models.User,pcooper3f,Patricia Cooper,pcooper3f@so-net.ne.jp,Santander,Female,12,pcooper3f,
models.User,kcoleman3g,Kathleen Coleman,kcoleman3g@gravatar.com,Mirontsi,Female,8,kcoleman3g,
models.User,troberts3h,Teresa Roberts,troberts3h@wordpress.com,Changleng,Female,25020,troberts3h,
models.User,sperez3i,Steven Perez,sperez3i@narod.ru,Besançon,Male,78,sperez3i,
models.User,cdunn3j,Carol Dunn,cdunn3j@de.vu,Filabusi,Female,3143,cdunn3j,
models.User,lwheeler3k,Lori Wheeler,lwheeler3k@storify.com,Lugulu,Female,830,lwheeler3k,
models.User,raustin3l,Rose Austin,raustin3l@webeden.co.uk,Hougang,Female,98,raustin3l,
models.User,pstanley3m,Peter Stanley,pstanley3m@linkedin.com,Plavsk,Male,541,pstanley3m,
models.User,jcollins3n,Jonathan Collins,jcollins3n@bloomberg.com,Paris 03,Male,586,jcollins3n,
models.User,wmyers3o,Wanda Myers,wmyers3o@va.gov,Remas,Female,6848,wmyers3o,
models.User,grice3p,Gary Rice,grice3p@oaic.gov.au,Aquitania,Male,680,grice3p,
models.User,jgarza3q,Jean Garza,jgarza3q@wsj.com,Huanglong,Female,21,jgarza3q,
models.User,mhanson3r,Matthew Hanson,mhanson3r@tumblr.com,Werangere,Male,528,mhanson3r,
models.User,pmason3s,Pamela Mason,pmason3s@merriam-webster.com,Alkmaar,Female,3503,pmason3s,
models.User,rfoster3t,Ryan Foster,rfoster3t@opera.com,Cruz de los Milagros,Male,2642,rfoster3t,
models.User,tmcdonald3u,Theresa Mcdonald,tmcdonald3u@icq.com,Brody,Female,5637,tmcdonald3u,
models.User,kriley3v,Kathleen Riley,kriley3v@noaa.gov,Koniaków,Female,940,kriley3v,
models.User,mmoore3w,Marilyn Moore,mmoore3w@slate.com,Nugas,Female,96975,mmoore3w,
models.User,khunter3x,Kimberly Hunter,khunter3x@gnu.org,Dakoro,Female,172,khunter3x,
models.User,pchapman3y,Peter Chapman,pchapman3y@aboutads.info,Ailuk,Male,5,pchapman3y,
models.User,brice3z,Benjamin Rice,brice3z@desdev.cn,Kobylí,Male,78,brice3z,
models.User,alynch40,Ann Lynch,alynch40@google.cn,Malaga,Female,96270,alynch40,
models.User,rmendoza41,Ruth Mendoza,rmendoza41@clickbank.net,Novotitarovskaya,Female,79548,rmendoza41,
models.User,mhall42,Maria Hall,mhall42@jigsy.com,Lakshmīpur,Female,478,mhall42,
models.User,lrichardson43,Lillian Richardson,lrichardson43@umn.edu,Baturité,Female,7,lrichardson43,
models.User,slawson44,Sean Lawson,slawson44@washington.edu,Zhuzuo,Male,41025,slawson44,
models.User,abennett45,Aaron Bennett,abennett45@slate.com,Enskede,Male,475,abennett45,
models.User,radams46,Randy Adams,radams46@reddit.com,Baranowo,Male,813,radams46,
models.User,akelly47,Antonio Kelly,akelly47@mashable.com,Tanbu,Male,8341,akelly47,
models.User,agreen48,Alan Green,agreen48@phpbb.com,San Jose,Male,618,agreen48,
models.User,dlawson49,Doris Lawson,dlawson49@multiply.com,Zhangpu,Female,44333,dlawson49,
models.User,cowens4a,Charles Owens,cowens4a@skyrock.com,Dnipryany,Male,696,cowens4a,
models.User,kreed4b,Keith Reed,kreed4b@gnu.org,Montauban,Male,792,kreed4b,
models.User,pcollins4c,Paula Collins,pcollins4c@soup.io,Balazar,Female,3,pcollins4c,
models.User,dtucker4d,Donald Tucker,dtucker4d@comcast.net,Delvinë,Male,696,dtucker4d,
models.User,sduncan4e,Samuel Duncan,sduncan4e@hostgator.com,Kitahama,Male,5044,sduncan4e,
models.User,faustin4f,Frances Austin,faustin4f@telegraph.co.uk,Skrunda,Female,41,faustin4f,
models.User,jwood4g,Johnny Wood,jwood4g@toplist.cz,Sambong,Male,50,jwood4g,
models.User,jryan4h,Janice Ryan,jryan4h@shinystat.com,Koncang,Female,3692,jryan4h,
models.User,tharper4i,Terry Harper,tharper4i@microsoft.com,Gerelayang,Male,51,tharper4i,
models.User,jgibson4j,Jack Gibson,jgibson4j@omniture.com,Diaopu,Male,0,jgibson4j,
models.User,tprice4k,Thomas Price,tprice4k@fc2.com,Digne-les-Bains,Male,4797,tprice4k,
models.User,eaustin4l,Eric Austin,eaustin4l@dailymotion.com,Mandalasari,Male,80,eaustin4l,
models.User,ftaylor4m,Frances Taylor,ftaylor4m@hud.gov,Dongfeng,Female,727,ftaylor4m,
models.User,rgutierrez4n,Richard Gutierrez,rgutierrez4n@dmoz.org,Nelspruit,Male,807,rgutierrez4n,
models.User,rmarshall4o,Randy Marshall,rmarshall4o@dion.ne.jp,Thatèng,Male,8,rmarshall4o,
models.User,adaniels4p,Anthony Daniels,adaniels4p@netscape.com,Göteborg,Male,1,adaniels4p,
models.User,raustin4q,Ronald Austin,raustin4q@usatoday.com,Quilmes,Male,2,raustin4q,
models.User,rwagner4r,Russell Wagner,rwagner4r@comsenz.com,Betio Village,Male,6765,rwagner4r,
models.User,phunter4s,Paula Hunter,phunter4s@t.co,Nanding,Female,9639,phunter4s,
models.User,jcarr4t,Jacqueline Carr,jcarr4t@example.com,Siemiatycze,Female,32,jcarr4t,
models.User,egraham4u,Eric Graham,egraham4u@msu.edu,Grębków,Male,5,egraham4u,
models.User,cspencer4v,Carol Spencer,cspencer4v@infoseek.co.jp,Macieira de Rates,Female,56,cspencer4v,
models.User,wmason4w,Wayne Mason,wmason4w@reddit.com,Nanzamu,Male,0,wmason4w,
models.User,lhernandez4x,Laura Hernandez,lhernandez4x@bing.com,Zhangyelu,Female,9,lhernandez4x,
models.User,dwarren4y,Diana Warren,dwarren4y@shareasale.com,Voorburg,Female,62,dwarren4y,
models.User,cnguyen4z,Charles Nguyen,cnguyen4z@theglobeandmail.com,San Roque,Male,88,cnguyen4z,
models.User,rpeters50,Robin Peters,rpeters50@etsy.com,Zaria,Female,87395,rpeters50,
models.User,padams51,Phillip Adams,padams51@wufoo.com,Los Lotes,Male,39,padams51,
models.User,khoward52,Kimberly Howard,khoward52@blogtalkradio.com,Itapissuma,Female,3964,khoward52,
models.User,hreynolds53,Helen Reynolds,hreynolds53@cloudflare.com,Ōmihachiman,Female,639,hreynolds53,
models.User,dcook54,Denise Cook,dcook54@ted.com,Langqi,Female,3,dcook54,
models.User,mcoleman55,Marie Coleman,mcoleman55@netvibes.com,Sūrāb,Female,13791,mcoleman55,
models.User,awalker56,Ashley Walker,awalker56@wisc.edu,Zaslawye,Female,82,awalker56,
models.User,asanders57,Ashley Sanders,asanders57@webs.com,Oleksandriya,Female,0,asanders57,
models.User,jharrison58,Jonathan Harrison,jharrison58@technorati.com,Alarobia,Male,9777,jharrison58,
models.User,ggarcia59,George Garcia,ggarcia59@amazon.com,Fengshan,Male,1766,ggarcia59,
models.User,slee5a,Steven Lee,slee5a@homestead.com,Najd al Jumā‘ī,Male,3304,slee5a,
models.User,wtorres5b,William Torres,wtorres5b@booking.com,Susoh,Male,39,wtorres5b,
models.User,lwhite5c,Lisa White,lwhite5c@icio.us,Santa Bárbara,Female,58002,lwhite5c,
models.User,adaniels5d,Anna Daniels,adaniels5d@t-online.de,Boljevci,Female,81,adaniels5d,
models.User,akim5e,Aaron Kim,akim5e@cmu.edu,Wuṯahpūr,Male,76941,akim5e,
models.User,ngriffin5f,Norma Griffin,ngriffin5f@ibm.com,Kilcullen,Female,9,ngriffin5f,
models.User,tgarza5g,Thomas Garza,tgarza5g@webmd.com,Gavinhos de Baixo,Male,892,tgarza5g,
models.User,sferguson5h,Scott Ferguson,sferguson5h@theguardian.com,Shangcheng Chengguanzhen,Male,1977,sferguson5h,
models.User,pgreene5i,Pamela Greene,pgreene5i@webeden.co.uk,Vlkoš,Female,23297,pgreene5i,
models.User,dhowell5j,Daniel Howell,dhowell5j@economist.com,Guri-si,Male,1,dhowell5j,
models.User,bwilson5k,Bruce Wilson,bwilson5k@wiley.com,Santa Apolonia,Male,74,bwilson5k,
models.User,mwhite5l,Martin White,mwhite5l@miitbeian.gov.cn,Káto Glikóvrisi,Male,62,mwhite5l,
models.User,gpeterson5m,Gerald Peterson,gpeterson5m@amazonaws.com,Brzączowice,Male,93,gpeterson5m,
models.User,rwagner5n,Ruth Wagner,rwagner5n@biglobe.ne.jp,Lama,Female,3,rwagner5n,
models.User,jdean5o,Julia Dean,jdean5o@friendfeed.com,Loutráki,Female,9,jdean5o,
models.User,sduncan5p,Susan Duncan,sduncan5p@reuters.com,Матејче,Female,60915,sduncan5p,
models.User,aramos5q,Annie Ramos,aramos5q@globo.com,Máncora,Female,87669,aramos5q,
models.User,bfowler5r,Brandon Fowler,bfowler5r@rakuten.co.jp,Ciomas,Male,7366,bfowler5r,
models.User,gmoore5s,Gary Moore,gmoore5s@hhs.gov,Cachan,Male,7205,gmoore5s,
models.User,rwilson5t,Richard Wilson,rwilson5t@discovery.com,Mardīān,Male,44,rwilson5t,
models.User,mhawkins5u,Marilyn Hawkins,mhawkins5u@ezinearticles.com,Sop Pong,Female,45595,mhawkins5u,
models.User,amitchell5v,Angela Mitchell,amitchell5v@salon.com,Tuzha,Female,3,amitchell5v,
models.User,pparker5w,Paula Parker,pparker5w@statcounter.com,Mingelchaur,Female,7004,pparker5w,
models.User,jtucker5x,Jack Tucker,jtucker5x@taobao.com,Roskoshnyy,Male,38355,jtucker5x,
models.User,bgarza5y,Bonnie Garza,bgarza5y@globo.com,Tanshi,Female,4,bgarza5y,
models.User,ajohnston5z,Alice Johnston,ajohnston5z@tmall.com,Guanting,Female,54,ajohnston5z,
models.User,acooper60,Angela Cooper,acooper60@nature.com,El Tambo,Female,205,acooper60,
models.User,amitchell61,Alan Mitchell,amitchell61@tamu.edu,Diré,Male,8636,amitchell61,
models.User,cgrant62,Cheryl Grant,cgrant62@uol.com.br,Rio Grande da Serra,Female,95225,cgrant62,
models.User,tsimpson63,Timothy Simpson,tsimpson63@cafepress.com,Mafraq,Male,7041,tsimpson63,
models.User,vbowman64,Victor Bowman,vbowman64@flavors.me,Osielsko,Male,603,vbowman64,
models.User,dpierce65,Doris Pierce,dpierce65@sfgate.com,São João de Meriti,Female,7,dpierce65,
models.User,charvey66,Carl Harvey,charvey66@weather.com,Gurbuki,Male,4376,charvey66,
models.User,cdunn67,Christopher Dunn,cdunn67@fda.gov,Voronezh,Male,2,cdunn67,
models.User,estephens68,Emily Stephens,estephens68@surveymonkey.com,Rio Branco do Sul,Female,260,estephens68,
models.User,dparker69,Doris Parker,dparker69@plala.or.jp,Vischongo,Female,320,dparker69,
models.User,cflores6a,Charles Flores,cflores6a@google.com.hk,Santa Catarina Barahona,Male,2930,cflores6a,
models.User,jburton6b,Jane Burton,jburton6b@mtv.com,Qingshan,Female,5192,jburton6b,
models.User,rsims6c,Richard Sims,rsims6c@usa.gov,Evansville,Male,6403,rsims6c,
models.User,garnold6d,Gregory Arnold,garnold6d@a8.net,Xinheng,Male,8,garnold6d,
models.User,dbryant6e,Dennis Bryant,dbryant6e@amazonaws.com,Pasto,Male,83,dbryant6e,
models.User,tweaver6f,Timothy Weaver,tweaver6f@naver.com,Besançon,Male,802,tweaver6f,
models.User,bgriffin6g,Benjamin Griffin,bgriffin6g@wp.com,Sida,Male,76,bgriffin6g,
models.User,blewis6h,Brian Lewis,blewis6h@bing.com,Ouranoupolis,Male,907,blewis6h,
models.User,pmitchell6i,Paul Mitchell,pmitchell6i@google.com.au,Bern,Male,974,pmitchell6i,
models.User,mjohnston6j,Matthew Johnston,mjohnston6j@jiathis.com,Chyhyryn,Male,5966,mjohnston6j,
models.User,tbishop6k,Theresa Bishop,tbishop6k@storify.com,Ageoshimo,Female,67,tbishop6k,
models.User,rboyd6l,Roy Boyd,rboyd6l@tinyurl.com,Braço do Norte,Male,21,rboyd6l,
models.User,fporter6m,Frank Porter,fporter6m@sfgate.com,Wailolong,Male,4,fporter6m,
models.User,ssmith6n,Scott Smith,ssmith6n@dedecms.com,Limín Khersonísou,Male,531,ssmith6n,
models.User,mhenderson6o,Martha Henderson,mhenderson6o@fda.gov,Ţūlkarm,Female,18,mhenderson6o,
models.User,krichards6p,Karen Richards,krichards6p@wp.com,Vila de Rei,Female,31788,krichards6p,
models.User,scarpenter6q,Sara Carpenter,scarpenter6q@cbsnews.com,Tacoma,Female,41,scarpenter6q,
models.User,elawson6r,Evelyn Lawson,elawson6r@stumbleupon.com,Bayan Huxu,Female,55,elawson6r,
models.User,jgeorge6s,Johnny George,jgeorge6s@qq.com,Arenas,Male,48,jgeorge6s,
models.User,mbennett6t,Martha Bennett,mbennett6t@tinypic.com,La Maná,Female,85,mbennett6t,
models.User,aholmes6u,Ashley Holmes,aholmes6u@wiley.com,Redondos,Female,8097,aholmes6u,
models.User,pgibson6v,Phyllis Gibson,pgibson6v@ox.ac.uk,Surcubamba,Female,41763,pgibson6v,
models.User,cburns6w,Carol Burns,cburns6w@theglobeandmail.com,Qincheng,Female,2181,cburns6w,
models.User,jperkins6x,Jennifer Perkins,jperkins6x@dmoz.org,Kotakaya Dua,Female,730,jperkins6x,
models.User,mtaylor6y,Marilyn Taylor,mtaylor6y@paginegialle.it,Ksour Essaf,Female,33,mtaylor6y,
models.User,jdixon6z,Jerry Dixon,jdixon6z@instagram.com,Muara,Male,1,jdixon6z,
models.User,slittle70,Shawn Little,slittle70@bizjournals.com,Kilifarevo,Male,372,slittle70,
models.User,gkelley71,Gerald Kelley,gkelley71@ow.ly,Pustomyty,Male,773,gkelley71,
models.User,gkennedy72,George Kennedy,gkennedy72@mtv.com,Hezheng Chengguanzhen,Male,84114,gkennedy72,
models.User,blewis73,Bobby Lewis,blewis73@wordpress.org,Conceição do Jacuípe,Male,6,blewis73,
models.User,rshaw74,Ronald Shaw,rshaw74@scientificamerican.com,Eschweiler,Male,771,rshaw74,
models.User,ljacobs75,Lois Jacobs,ljacobs75@google.pl,Nikhom Kham Soi,Female,849,ljacobs75,
models.User,wsmith76,William Smith,wsmith76@histats.com,Aioi,Male,56127,wsmith76,
models.User,ablack77,Ashley Black,ablack77@toplist.cz,Sarzedo,Female,633,ablack77,
models.User,aowens78,Angela Owens,aowens78@opera.com,Distracción,Female,33,aowens78,
models.User,thenderson79,Thomas Henderson,thenderson79@eepurl.com,Nuits-Saint-Georges,Male,303,thenderson79,
models.User,ewillis7a,Evelyn Willis,ewillis7a@ted.com,Fuyang,Female,5,ewillis7a,
models.User,lhunt7b,Lisa Hunt,lhunt7b@mtv.com,Soweto,Female,75566,lhunt7b,
models.User,cgilbert7c,Carl Gilbert,cgilbert7c@youtube.com,Watthana Nakhon,Male,298,cgilbert7c,
models.User,amorris7d,Andrew Morris,amorris7d@webeden.co.uk,Błędów,Male,368,amorris7d,
models.User,cstephens7e,Carlos Stephens,cstephens7e@ca.gov,Jiachuan,Male,17,cstephens7e,
models.User,ccarpenter7f,Christopher Carpenter,ccarpenter7f@naver.com,Thaba Nchu,Male,9,ccarpenter7f,
models.User,smorris7g,Susan Morris,smorris7g@bloomberg.com,San Carlos de Bariloche,Female,9388,smorris7g,
models.User,jriley7h,Joyce Riley,jriley7h@bandcamp.com,Beni Khiar,Female,95647,jriley7h,
models.User,igibson7i,Irene Gibson,igibson7i@mail.ru,Dengzhou,Female,4516,igibson7i,
models.User,gdean7j,Gloria Dean,gdean7j@whitehouse.gov,Mompach,Female,452,gdean7j,
models.User,wwheeler7k,Wanda Wheeler,wwheeler7k@usnews.com,Rosario,Female,81894,wwheeler7k,
models.User,jsanders7l,Jeremy Sanders,jsanders7l@dagondesign.com,Cipeucang,Male,1,jsanders7l,
models.User,sjacobs7m,Stephanie Jacobs,sjacobs7m@guardian.co.uk,Saint-Lô,Female,1616,sjacobs7m,
models.User,vhill7n,Virginia Hill,vhill7n@icq.com,Cijayana,Female,4,vhill7n,
models.User,jwheeler7o,Judy Wheeler,jwheeler7o@google.fr,Murfreesboro,Female,2033,jwheeler7o,
models.User,jkim7p,Juan Kim,jkim7p@chicagotribune.com,Guinabsan,Male,877,jkim7p,
models.User,lriley7q,Linda Riley,lriley7q@163.com,Otradnaya,Female,1,lriley7q,
models.User,dlopez7r,David Lopez,dlopez7r@xrea.com,Dauriya,Male,11,dlopez7r,
models.User,rstone7s,Rose Stone,rstone7s@nps.gov,Pidvynohradiv,Female,13,rstone7s,
models.User,jmendoza7t,Jesse Mendoza,jmendoza7t@chicagotribune.com,Onokivtsi,Male,17,jmendoza7t,
models.User,kgeorge7u,Kevin George,kgeorge7u@hhs.gov,El Pardo,Male,3,kgeorge7u,
models.User,dfreeman7v,Deborah Freeman,dfreeman7v@oracle.com,Paranho,Female,31136,dfreeman7v,
models.User,amedina7w,Annie Medina,amedina7w@angelfire.com,Humaitá,Female,285,amedina7w,
models.User,jbaker7x,Jeremy Baker,jbaker7x@multiply.com,Čoka,Male,93045,jbaker7x,
models.User,gevans7y,Gregory Evans,gevans7y@ustream.tv,Jiayuguan,Male,9,gevans7y,
models.User,mcollins7z,Michelle Collins,mcollins7z@parallels.com,Totoral,Female,94189,mcollins7z,
models.User,scarroll80,Sandra Carroll,scarroll80@oakley.com,Macas,Female,19,scarroll80,
models.User,aowens81,Amy Owens,aowens81@admin.ch,Chengui,Female,8297,aowens81,
models.User,glewis82,Gregory Lewis,glewis82@tamu.edu,Tingping,Male,118,glewis82,
models.User,nsimmons83,Nicholas Simmons,nsimmons83@printfriendly.com,Joutsa,Male,7,nsimmons83,
models.User,ckennedy84,Carolyn Kennedy,ckennedy84@blogs.com,Khadīr,Female,54,ckennedy84,
models.User,mfox85,Melissa Fox,mfox85@dropbox.com,Jingxin,Female,5,mfox85,
models.User,mnichols86,Melissa Nichols,mnichols86@wix.com,Fontainhas,Female,15828,mnichols86,
models.User,marnold87,Margaret Arnold,marnold87@bloomberg.com,Wendengying,Female,8,marnold87,
models.User,mrose88,Maria Rose,mrose88@sciencedirect.com,Korosten’,Female,7,mrose88,
models.User,fmeyer89,Fred Meyer,fmeyer89@hp.com,Kon Dơng,Male,4,fmeyer89,
models.User,bmeyer8a,Billy Meyer,bmeyer8a@ed.gov,Qingkenpao,Male,41,bmeyer8a,
models.User,bsanchez8b,Barbara Sanchez,bsanchez8b@dion.ne.jp,Zaječar,Female,3,bsanchez8b,
models.User,jcoleman8c,Jessica Coleman,jcoleman8c@quantcast.com,Xinglong,Female,6,jcoleman8c,
models.User,redwards8d,Robin Edwards,redwards8d@godaddy.com,Tečovice,Female,5421,redwards8d,
models.User,hrichardson8e,Howard Richardson,hrichardson8e@aboutads.info,Jelbuk,Male,168,hrichardson8e,
models.User,kjohnston8f,Katherine Johnston,kjohnston8f@sogou.com,Laya,Female,17,kjohnston8f,
models.User,acole8g,Alice Cole,acole8g@usatoday.com,Citeureup,Female,844,acole8g,
models.User,rlawrence8h,Roy Lawrence,rlawrence8h@census.gov,Mojolampir,Male,6579,rlawrence8h,
models.User,jreynolds8i,Joan Reynolds,jreynolds8i@washington.edu,Heishui,Female,39244,jreynolds8i,
models.User,sjones8j,Sandra Jones,sjones8j@admin.ch,Kumbo,Female,36,sjones8j,
models.User,cbell8k,Christine Bell,cbell8k@apache.org,Hengxizhen,Female,68251,cbell8k,
models.User,ehall8l,Elizabeth Hall,ehall8l@ocn.ne.jp,Kushtia,Female,4446,ehall8l,
models.User,pvasquez8m,Pamela Vasquez,pvasquez8m@dmoz.org,Huaguoshan,Female,301,pvasquez8m,
models.User,pmills8n,Patricia Mills,pmills8n@ehow.com,Cofimvaba,Female,802,pmills8n,
models.User,mfrazier8o,Mildred Frazier,mfrazier8o@who.int,Jinping,Female,9,mfrazier8o,
models.User,pdunn8p,Patricia Dunn,pdunn8p@yahoo.com,‘Arīshah,Female,5663,pdunn8p,
models.User,mbell8q,Marie Bell,mbell8q@usgs.gov,Mała Wieś,Female,538,mbell8q,
models.User,jmoreno8r,Julia Moreno,jmoreno8r@t-online.de,Évry,Female,37,jmoreno8r,
models.User,chudson8s,Carl Hudson,chudson8s@lycos.com,Bayt Maqdūm,Male,838,chudson8s,
models.User,lpeters8t,Lawrence Peters,lpeters8t@51.la,Mangunjaya,Male,62006,lpeters8t,
models.User,chenry8u,Cheryl Henry,chenry8u@skyrock.com,Beoga,Female,4,chenry8u,
models.User,pjackson8v,Phyllis Jackson,pjackson8v@slideshare.net,Văn Giang,Female,43221,pjackson8v,
models.User,ewatkins8w,Evelyn Watkins,ewatkins8w@cpanel.net,Wafang,Female,399,ewatkins8w,
models.User,clynch8x,Carlos Lynch,clynch8x@prweb.com,Lindavista,Male,393,clynch8x,
models.User,bferguson8y,Bonnie Ferguson,bferguson8y@sciencedaily.com,Västervik,Female,9006,bferguson8y,
models.User,rhudson8z,Raymond Hudson,rhudson8z@sfgate.com,Grand Sable,Male,813,rhudson8z,
models.User,mpalmer90,Martin Palmer,mpalmer90@nasa.gov,Fatualam,Male,648,mpalmer90,
models.User,jromero91,Joyce Romero,jromero91@pinterest.com,Saint Paul,Female,6699,jromero91,
models.User,harmstrong92,Helen Armstrong,harmstrong92@irs.gov,Kediren,Female,87,harmstrong92,
models.User,lcollins93,Lois Collins,lcollins93@devhub.com,Pariti,Female,0,lcollins93,
models.User,sfields94,Sandra Fields,sfields94@microsoft.com,Veghel,Female,1560,sfields94,
models.User,sjackson95,Shawn Jackson,sjackson95@hostgator.com,Kréstena,Male,27,sjackson95,
models.User,jstone96,Joan Stone,jstone96@canalblog.com,Rio Brilhante,Female,79400,jstone96,
models.User,bburton97,Bruce Burton,bburton97@wp.com,Goz Béïda,Male,79,bburton97,
models.User,crose98,Christopher Rose,crose98@amazonaws.com,Buk,Male,54153,crose98,
models.User,lmiller99,Louise Miller,lmiller99@ftc.gov,Courbevoie,Female,9495,lmiller99,
models.User,ejones9a,Eric Jones,ejones9a@sphinn.com,Makui,Male,35871,ejones9a,
models.User,jbarnes9b,Jessica Barnes,jbarnes9b@instagram.com,Washington,Female,9409,jbarnes9b,
models.User,mhunter9c,Matthew Hunter,mhunter9c@cnet.com,Pangal Sur,Male,9,mhunter9c,
models.User,hcarroll9d,Harold Carroll,hcarroll9d@unc.edu,Thanatpin,Male,6,hcarroll9d,
models.User,tmeyer9e,Theresa Meyer,tmeyer9e@ning.com,Kadipaten,Female,6522,tmeyer9e,
models.User,scunningham9f,Steven Cunningham,scunningham9f@theatlantic.com,Taipingchuan,Male,232,scunningham9f,
models.User,enelson9g,Evelyn Nelson,enelson9g@yolasite.com,Kosai-shi,Female,7,enelson9g,
models.User,dhoward9h,Debra Howard,dhoward9h@imageshack.us,Charleville-Mézières,Female,91,dhoward9h,
models.User,arice9i,Angela Rice,arice9i@vk.com,Markaz al Marīr,Female,122,arice9i,
models.User,clee9j,Clarence Lee,clee9j@nature.com,Kuliyapitiya,Male,99726,clee9j,
models.User,bmoreno9k,Brenda Moreno,bmoreno9k@yellowpages.com,Banān,Female,15,bmoreno9k,
models.User,dtorres9l,Donna Torres,dtorres9l@jugem.jp,Dashuipo,Female,345,dtorres9l,
models.User,erichardson9m,Earl Richardson,erichardson9m@guardian.co.uk,Barrancas,Male,13,erichardson9m,
models.User,jjenkins9n,Jonathan Jenkins,jjenkins9n@sitemeter.com,Palampal,Male,1,jjenkins9n,
models.User,mlong9o,Maria Long,mlong9o@uol.com.br,Basak,Female,8,mlong9o,
models.User,hreed9p,Harry Reed,hreed9p@wikia.com,Uzda,Male,29577,hreed9p,
models.User,agomez9q,Antonio Gomez,agomez9q@youtu.be,Puubheto,Male,963,agomez9q,
models.User,rford9r,Robert Ford,rford9r@over-blog.com,Ciorescu,Male,0,rford9r,
models.User,shamilton9s,Shawn Hamilton,shamilton9s@ifeng.com,Chiang Yuen,Male,6,shamilton9s,
models.User,jwhite9t,Jesse White,jwhite9t@slashdot.org,Jiangwan,Male,3428,jwhite9t,
models.User,lgardner9u,Lillian Gardner,lgardner9u@baidu.com,Chybie,Female,305,lgardner9u,
models.User,dwood9v,Diane Wood,dwood9v@fda.gov,Guzhuyingzi,Female,55537,dwood9v,
models.User,klane9w,Katherine Lane,klane9w@constantcontact.com,Hachiōji,Female,468,klane9w,
models.User,jrobertson9x,Jacqueline Robertson,jrobertson9x@stumbleupon.com,La Mula,Female,4,jrobertson9x,
models.User,ttaylor9y,Todd Taylor,ttaylor9y@nhs.uk,Bacuyangan,Male,55,ttaylor9y,
models.User,kelliott9z,Karen Elliott,kelliott9z@51.la,Dingqiao,Female,4,kelliott9z,
models.User,rtorresa0,Roger Torres,rtorresa0@smugmug.com,La Purisima,Male,28,rtorresa0,
models.User,mjacobsa1,Margaret Jacobs,mjacobsa1@amazon.co.jp,Shenshu,Female,7,mjacobsa1,
models.User,egeorgea2,Emily George,egeorgea2@google.de,Guéret,Female,773,egeorgea2,
models.User,llarsona3,Laura Larson,llarsona3@zdnet.com,Gandong,Female,6402,llarsona3,
models.User,jcastilloa4,Janet Castillo,jcastilloa4@si.edu,Esmeralda,Female,50,jcastilloa4,
models.User,jsimpsona5,Johnny Simpson,jsimpsona5@blinklist.com,Batang,Male,1,jsimpsona5,
models.User,jkima6,Jerry Kim,jkima6@miibeian.gov.cn,Petrozavodsk,Male,99105,jkima6,
models.User,ahernandeza7,Anna Hernandez,ahernandeza7@businesswire.com,Quebo,Female,50611,ahernandeza7,
models.User,wmarshalla8,William Marshall,wmarshalla8@istockphoto.com,Panayagan,Male,3,wmarshalla8,
models.User,wlonga9,William Long,wlonga9@linkedin.com,Albion,Male,487,wlonga9,
models.User,ggonzalesaa,George Gonzales,ggonzalesaa@cnet.com,Xinbao,Male,8227,ggonzalesaa,
models.User,pgomezab,Phyllis Gomez,pgomezab@infoseek.co.jp,Orekhovo-Zuyevo,Female,386,pgomezab,
models.User,aharveyac,Arthur Harvey,aharveyac@tiny.cc,Gutang,Male,3,aharveyac,
models.User,dpattersonad,Denise Patterson,dpattersonad@photobucket.com,Shangani,Female,5950,dpattersonad,
models.User,adunnae,Ashley Dunn,adunnae@bizjournals.com,Balatero,Female,4831,adunnae,
models.User,apowellaf,Angela Powell,apowellaf@seesaa.net,Kedungbulu,Female,74,apowellaf,
models.User,arussellag,Arthur Russell,arussellag@ted.com,Ndjolé,Male,94,arussellag,
models.User,mdiazah,Michelle Diaz,mdiazah@skyrock.com,Paipa,Female,7,mdiazah,
models.User,dmartinezai,Dennis Martinez,dmartinezai@lycos.com,Loúros,Male,81789,dmartinezai,
models.User,swilliamsaj,Stephen Williams,swilliamsaj@theguardian.com,Ulety,Male,573,swilliamsaj,
models.User,wwebbak,Walter Webb,wwebbak@discovery.com,Qingfeng,Male,9,wwebbak,
models.User,rbellal,Roy Bell,rbellal@fda.gov,Naj‘ Ḩammādī,Male,7917,rbellal,
models.User,areyesam,Arthur Reyes,areyesam@1und1.de,Markowa,Male,65691,areyesam,
models.User,bgrantan,Barbara Grant,bgrantan@blog.com,Tabuc Pontevedra,Female,48080,bgrantan,
models.User,mstewartao,Margaret Stewart,mstewartao@cbc.ca,Nan’an,Female,41,mstewartao,
models.User,dmurrayap,Deborah Murray,dmurrayap@nyu.edu,Lucan,Female,237,dmurrayap,
models.User,hyoungaq,Harold Young,hyoungaq@pcworld.com,Isesaki,Male,25,hyoungaq,
models.User,aevansar,Alice Evans,aevansar@rambler.ru,Mirkovci,Female,78,aevansar,
models.User,lnicholsas,Lawrence Nichols,lnicholsas@biblegateway.com,Hengtanggang,Male,692,lnicholsas,
models.User,jpetersat,Janice Peters,jpetersat@time.com,Mīrwāh Gorchani,Female,3,jpetersat,
models.User,brossau,Brenda Ross,brossau@redcross.org,Doāba,Female,85225,brossau,
models.User,jwilsonav,Johnny Wilson,jwilsonav@google.fr,Guxian,Male,4691,jwilsonav,
models.User,jbishopaw,Julie Bishop,jbishopaw@ustream.tv,Lelydorp,Female,3917,jbishopaw,
models.User,cfreemanax,Charles Freeman,cfreemanax@dyndns.org,Seremban,Male,184,cfreemanax,
models.User,hwilliamsay,Heather Williams,hwilliamsay@psu.edu,Kirovsk,Female,66677,hwilliamsay,
models.User,nfulleraz,Norma Fuller,nfulleraz@cam.ac.uk,Camagüey,Female,4059,nfulleraz,
models.User,wfullerb0,Wanda Fuller,wfullerb0@mozilla.org,El Corozal,Female,76,wfullerb0,
models.User,ebowmanb1,Eugene Bowman,ebowmanb1@taobao.com,Luoping,Male,6608,ebowmanb1,
models.User,breyesb2,Brandon Reyes,breyesb2@youtu.be,Birmingham,Male,138,breyesb2,
models.User,lgrantb3,Lawrence Grant,lgrantb3@nifty.com,Spokoynaya,Male,3596,lgrantb3,
models.User,dturnerb4,Dennis Turner,dturnerb4@mozilla.com,Licheń Stary,Male,5327,dturnerb4,
models.User,abennettb5,Ashley Bennett,abennettb5@flavors.me,Pérama,Female,8,abennettb5,
models.User,sreedb6,Sara Reed,sreedb6@who.int,Plato,Female,5703,sreedb6,
models.User,abanksb7,Amanda Banks,abanksb7@freewebs.com,Yermish’,Female,4835,abanksb7,
models.User,bwatsonb8,Barbara Watson,bwatsonb8@cdbaby.com,Sandakan,Female,826,bwatsonb8,
models.User,jbanksb9,Joyce Banks,jbanksb9@japanpost.jp,Guanajuato,Female,2,jbanksb9,
models.User,lhallba,Laura Hall,lhallba@cdbaby.com,Pare,Female,1,lhallba,
models.User,pkingbb,Phyllis King,pkingbb@sciencedaily.com,Los Angeles,Female,813,pkingbb,
models.User,pmurphybc,Paula Murphy,pmurphybc@house.gov,Nantuo,Female,0,pmurphybc,
models.User,krosebd,Katherine Rose,krosebd@hostgator.com,Neochórion,Female,646,krosebd,
models.User,amurphybe,Antonio Murphy,amurphybe@wikimedia.org,Murzuq,Male,28,amurphybe,
models.User,kpalmerbf,Kathy Palmer,kpalmerbf@cmu.edu,Soldato-Aleksandrovskoye,Female,75779,kpalmerbf,
models.User,jreedbg,Joan Reed,jreedbg@army.mil,El Salitre,Female,3098,jreedbg,
models.User,rhawkinsbh,Ronald Hawkins,rhawkinsbh@pcworld.com,Mahébourg,Male,5,rhawkinsbh,
models.User,charperbi,Chris Harper,charperbi@reverbnation.com,Miyazu,Male,91,charperbi,
models.User,jwallacebj,Jessica Wallace,jwallacebj@foxnews.com,Shigutang,Female,2,jwallacebj,
models.User,rbakerbk,Rachel Baker,rbakerbk@simplemachines.org,Lavandeira,Female,85598,rbakerbk,
models.User,jdiazbl,Johnny Diaz,jdiazbl@mapquest.com,Mników,Male,601,jdiazbl,
models.User,jgutierrezbm,Judy Gutierrez,jgutierrezbm@dailymotion.com,Udon Thani,Female,9,jgutierrezbm,
models.User,bmurraybn,Billy Murray,bmurraybn@theatlantic.com,Kedungharjo,Male,6801,bmurraybn,
models.User,karmstrongbo,Katherine Armstrong,karmstrongbo@bloglovin.com,Shidong,Female,12,karmstrongbo,
models.User,mallenbp,Melissa Allen,mallenbp@godaddy.com,Marseille,Female,3,mallenbp,
models.User,vmorrisonbq,Virginia Morrison,vmorrisonbq@slate.com,Karatsu,Female,24872,vmorrisonbq,
models.User,criverabr,Christine Rivera,criverabr@cnn.com,Zavolzh’ye,Female,7918,criverabr,
models.User,jhughesbs,Jack Hughes,jhughesbs@paypal.com,Chambly,Male,5,jhughesbs,
models.User,jryanbt,Jose Ryan,jryanbt@comsenz.com,Oslo,Male,140,jryanbt,
models.User,rwrightbu,Raymond Wright,rwrightbu@scribd.com,La Montañita,Male,933,rwrightbu,
models.User,mfloresbv,Mary Flores,mfloresbv@walmart.com,Bom Jesus da Lapa,Female,41280,mfloresbv,
models.User,hwilliamsonbw,Harry Williamson,hwilliamsonbw@umn.edu,Tanjung,Male,1,hwilliamsonbw,
models.User,sfloresbx,Stephanie Flores,sfloresbx@wiley.com,Thị Trấn Tam Điệp,Female,8,sfloresbx,
models.User,shenryby,Sean Henry,shenryby@nytimes.com,Burns Lake,Male,99576,shenryby,
models.User,lstewartbz,Louis Stewart,lstewartbz@1und1.de,Aimin,Male,307,lstewartbz,
models.User,ldiazc0,Louis Diaz,ldiazc0@skyrock.com,Oslo,Male,79840,ldiazc0,
models.User,pwoodc1,Paula Wood,pwoodc1@mail.ru,Rengat,Female,243,pwoodc1,
models.User,mmillsc2,Margaret Mills,mmillsc2@reference.com,Karasuk,Female,27,mmillsc2,
models.User,kmyersc3,Karen Myers,kmyersc3@zimbio.com,Banyliv,Female,25,kmyersc3,
models.User,chenryc4,Christine Henry,chenryc4@sogou.com,Evansville,Female,113,chenryc4,
models.User,wdunnc5,Wanda Dunn,wdunnc5@soundcloud.com,Casal de São João,Female,81,wdunnc5,
models.User,kjamesc6,Kevin James,kjamesc6@guardian.co.uk,Francisco I Madero,Male,617,kjamesc6,
models.User,awebbc7,Alan Webb,awebbc7@dropbox.com,Morro Agudo,Male,1,awebbc7,
models.User,rharperc8,Ronald Harper,rharperc8@baidu.com,Huoshaoping,Male,65459,rharperc8,
models.User,hperkinsc9,Harold Perkins,hperkinsc9@desdev.cn,Kentongan,Male,4052,hperkinsc9,
models.User,wcruzca,Willie Cruz,wcruzca@vkontakte.ru,Kablukan,Male,19,wcruzca,
models.User,hkellycb,Heather Kelly,hkellycb@last.fm,Lutowiska,Female,3417,hkellycb,
models.User,jmccoycc,Jimmy Mccoy,jmccoycc@yale.edu,Wasilków,Male,35735,jmccoycc,
models.User,tcolemancd,Todd Coleman,tcolemancd@ca.gov,Sinarbakti,Male,8,tcolemancd,
models.User,lhernandezce,Lisa Hernandez,lhernandezce@alibaba.com,San Miguel,Female,9,lhernandezce,
models.User,csnydercf,Craig Snyder,csnydercf@imdb.com,Drobin,Male,71609,csnydercf,
models.User,ewatkinscg,Emily Watkins,ewatkinscg@senate.gov,Rongxiang,Female,77729,ewatkinscg,
models.User,malvarezch,Margaret Alvarez,malvarezch@homestead.com,Honkajoki,Female,5443,malvarezch,
models.User,rjordanci,Ruth Jordan,rjordanci@soup.io,Nanqi,Female,99200,rjordanci,
models.User,dwagnercj,Debra Wagner,dwagnercj@com.com,Kute,Female,1536,dwagnercj,
models.User,bwardck,Billy Ward,bwardck@cocolog-nifty.com,Viña del Mar,Male,1,bwardck,
models.User,mbrookscl,Mildred Brooks,mbrookscl@dagondesign.com,Hualgayoc,Female,52300,mbrookscl,
models.User,tmurphycm,Todd Murphy,tmurphycm@nifty.com,Andongsari,Male,82193,tmurphycm,
models.User,eblackcn,Elizabeth Black,eblackcn@elegantthemes.com,Bolobo,Female,776,eblackcn,
models.User,lwilliamsco,Linda Williams,lwilliamsco@themeforest.net,Minnedosa,Female,93453,lwilliamsco,
models.User,nwelchcp,Nancy Welch,nwelchcp@aboutads.info,Chonchi,Female,301,nwelchcp,
models.User,dwilsoncq,Diana Wilson,dwilsoncq@phoca.cz,Bahui,Female,220,dwilsoncq,
models.User,aalexandercr,Albert Alexander,aalexandercr@hugedomains.com,Hongkou,Male,66,aalexandercr,
models.User,acarpentercs,Anne Carpenter,acarpentercs@mozilla.com,Fuhai,Female,0,acarpentercs,
models.User,dhughesct,Diane Hughes,dhughesct@princeton.edu,Stadtbredimus,Female,98,dhughesct,
models.User,nweavercu,Nicholas Weaver,nweavercu@shareasale.com,Xinan,Male,43,nweavercu,
models.User,adunncv,Angela Dunn,adunncv@icq.com,Borzoy,Female,7944,adunncv,
models.User,rbradleycw,Russell Bradley,rbradleycw@tuttocitta.it,Aricagua,Male,81,rbradleycw,
models.User,athompsoncx,Ashley Thompson,athompsoncx@biblegateway.com,Nakhabino,Female,4813,athompsoncx,
models.User,bmendozacy,Brenda Mendoza,bmendozacy@wordpress.com,Denyshi,Female,696,bmendozacy,
models.User,ckellycz,Carlos Kelly,ckellycz@wordpress.org,Ljungby,Male,959,ckellycz,
models.User,rcarpenterd0,Russell Carpenter,rcarpenterd0@irs.gov,Koshki,Male,34774,rcarpenterd0,
models.User,nblackd1,Nicholas Black,nblackd1@hugedomains.com,Bojongnangka,Male,41415,nblackd1,
models.User,challd2,Carl Hall,challd2@live.com,Tramandaí,Male,9671,challd2,
models.User,hwalkerd3,Harry Walker,hwalkerd3@statcounter.com,Wamba,Male,19390,hwalkerd3,
models.User,mcarpenterd4,Matthew Carpenter,mcarpenterd4@loc.gov,Philadelphia,Male,49296,mcarpenterd4,
models.User,mthomasd5,Michael Thomas,mthomasd5@woothemes.com,Colendra,Male,68074,mthomasd5,
models.User,jcooperd6,Jason Cooper,jcooperd6@mashable.com,Julayjilah,Male,145,jcooperd6,
models.User,rjohnstond7,Ryan Johnston,rjohnstond7@cisco.com,Cikandang,Male,1661,rjohnstond7,
models.User,bmoored8,Barbara Moore,bmoored8@desdev.cn,Yuzhou,Female,29970,bmoored8,
models.User,llopezd9,Laura Lopez,llopezd9@live.com,Wangcun,Female,5866,llopezd9,
models.User,sgomezda,Scott Gomez,sgomezda@economist.com,Meniko,Male,842,sgomezda,
models.User,mhughesdb,Mark Hughes,mhughesdb@auda.org.au,Khotiv,Male,4,mhughesdb,
models.User,mallendc,Mary Allen,mallendc@icq.com,Cigoong,Female,31,mallendc,
models.User,sjohnstondd,Stephanie Johnston,sjohnstondd@ucsd.edu,Donghuang,Female,0,sjohnstondd,
models.User,cfreemande,Christine Freeman,cfreemande@issuu.com,Florianópolis,Female,4,cfreemande,
models.User,emorrisdf,Ernest Morris,emorrisdf@wikimedia.org,Ban Dan,Male,2,emorrisdf,
models.User,tnelsondg,Teresa Nelson,tnelsondg@multiply.com,Neryungri,Female,57,tnelsondg,
models.User,drossdh,Donald Ross,drossdh@thetimes.co.uk,Konispol,Male,798,drossdh,
models.User,cgrantdi,Chris Grant,cgrantdi@time.com,Cibatu,Male,6847,cgrantdi,
models.User,fellisdj,Fred Ellis,fellisdj@woothemes.com,Bangbayang Kaler,Male,337,fellisdj,
models.User,jpiercedk,Jonathan Pierce,jpiercedk@weather.com,Kiviõli,Male,711,jpiercedk,
models.User,gwelchdl,Gary Welch,gwelchdl@live.com,Tržič,Male,789,gwelchdl,
models.User,krichardsondm,Katherine Richardson,krichardsondm@elpais.com,Jinfeng,Female,89675,krichardsondm,
models.User,jjohnsondn,Jeremy Johnson,jjohnsondn@yahoo.co.jp,Haarlem,Male,495,jjohnsondn,
models.User,kkingdo,Karen King,kkingdo@devhub.com,Calilegua,Female,7971,kkingdo,
models.User,ejenkinsdp,Emily Jenkins,ejenkinsdp@moonfruit.com,Arvika,Female,56,ejenkinsdp,
models.User,drodriguezdq,Dorothy Rodriguez,drodriguezdq@storify.com,Usman’,Female,8889,drodriguezdq,
models.User,jwalkerdr,Joshua Walker,jwalkerdr@wunderground.com,Daszewice,Male,6995,jwalkerdr,
models.User,rmendozads,Rebecca Mendoza,rmendozads@artisteer.com,Inta,Female,18933,rmendozads,
models.User,sortizdt,Samuel Ortiz,sortizdt@amazon.co.jp,Al Balyanā,Male,483,sortizdt,
models.User,gcarrolldu,Gregory Carroll,gcarrolldu@mapquest.com,Ban Bang Kadi Pathum Thani,Male,5104,gcarrolldu,
models.User,hreeddv,Harry Reed,hreeddv@reverbnation.com,Prang Ku,Male,2590,hreeddv,
models.User,crogersdw,Carlos Rogers,crogersdw@w3.org,Lopatinskiy,Male,64,crogersdw,
models.User,mwoodsdx,Michael Woods,mwoodsdx@hatena.ne.jp,San Sebastian,Male,5,mwoodsdx,
models.User,jolsondy,Julie Olson,jolsondy@acquirethisname.com,Muzaffargarh,Female,3191,jolsondy,
models.User,bstevensdz,Betty Stevens,bstevensdz@aol.com,Moscavide,Female,61,bstevensdz,
models.User,mfostere0,Marie Foster,mfostere0@mozilla.com,San Rafael,Female,3419,mfostere0,
models.User,hmedinae1,Howard Medina,hmedinae1@imgur.com,Orion,Male,0,hmedinae1,
models.User,tparkere2,Terry Parker,tparkere2@sohu.com,Dagur,Male,27007,tparkere2,
models.User,sgeorgee3,Scott George,sgeorgee3@wsj.com,Kallithéa,Male,72407,sgeorgee3,
models.User,hgibsone4,Henry Gibson,hgibsone4@goo.gl,Goz Beïda,Male,5225,hgibsone4,
models.User,imeyere5,Irene Meyer,imeyere5@yolasite.com,Horní Štěpánov,Female,311,imeyere5,
models.User,rpalmere6,Randy Palmer,rpalmere6@blogger.com,Natitingou,Male,4,rpalmere6,
models.User,jcooke7,Jesse Cook,jcooke7@foxnews.com,Sidi Bouzid,Male,1,jcooke7,
models.User,jmorenoe8,Jennifer Moreno,jmorenoe8@xing.com,Lewoluo,Female,258,jmorenoe8,
models.User,acartere9,Anne Carter,acartere9@msn.com,Recife,Female,54,acartere9,
models.User,pgordonea,Paula Gordon,pgordonea@elpais.com,Tanggul Wetan,Female,84221,pgordonea,
models.User,pramoseb,Patrick Ramos,pramoseb@github.io,Guanzhuang,Male,7581,pramoseb,
models.User,sbutlerec,Sean Butler,sbutlerec@epa.gov,Hanlin,Male,5143,sbutlerec,
models.User,mjonesed,Margaret Jones,mjonesed@google.ru,Nangewer,Female,83332,mjonesed,
models.User,bkennedyee,Benjamin Kennedy,bkennedyee@goo.ne.jp,Novaya Usman’,Male,700,bkennedyee,
models.User,dhallef,Dennis Hall,dhallef@opensource.org,Krajan Alasdowo,Male,4316,dhallef,
models.User,jdiazeg,Jerry Diaz,jdiazeg@people.com.cn,Täby,Male,68983,jdiazeg,
models.User,jwalkereh,Joan Walker,jwalkereh@mayoclinic.com,Krajan Puru,Female,1,jwalkereh,
models.User,hlaneei,Harold Lane,hlaneei@biglobe.ne.jp,Betong,Male,493,hlaneei,
models.User,pburtonej,Phillip Burton,pburtonej@nifty.com,Semuda,Male,6560,pburtonej,
models.User,aboydek,Amy Boyd,aboydek@miibeian.gov.cn,Sorocaba,Female,6192,aboydek,
models.User,elawrenceel,Emily Lawrence,elawrenceel@boston.com,Vlachovice,Female,46,elawrenceel,
models.User,pgomezem,Phillip Gomez,pgomezem@disqus.com,Baoping,Male,71,pgomezem,
models.User,kmillsen,Kathy Mills,kmillsen@elpais.com,Miaoquan,Female,8423,kmillsen,
models.User,iwheelereo,Irene Wheeler,iwheelereo@loc.gov,Sumberkindagan,Female,6318,iwheelereo,
models.User,rmartinezep,Russell Martinez,rmartinezep@tamu.edu,Oussivo,Male,807,rmartinezep,
models.User,lhowardeq,Louise Howard,lhowardeq@webmd.com,Samaro,Female,21,lhowardeq,
models.User,pjacobser,Patricia Jacobs,pjacobser@japanpost.jp,Guadalupe Victoria,Female,88608,pjacobser,
models.User,sbowmanes,Shawn Bowman,sbowmanes@altervista.org,Grivenskaya,Male,2,sbowmanes,
models.User,kmurphyet,Kimberly Murphy,kmurphyet@wiley.com,Velyka Bilozerka,Female,14,kmurphyet,
models.User,psmitheu,Paula Smith,psmitheu@virginia.edu,Sembabule,Female,2127,psmitheu,
models.User,lmorrisev,Lawrence Morris,lmorrisev@utexas.edu,Nar'yan-Mar,Male,22100,lmorrisev,
models.User,tmoralesew,Teresa Morales,tmoralesew@abc.net.au,Wangxian,Female,46901,tmoralesew,
models.User,fcastilloex,Frances Castillo,fcastilloex@github.io,Ocucaje,Female,35,fcastilloex,
models.User,tcooperey,Thomas Cooper,tcooperey@booking.com,Longhu,Male,401,tcooperey,
models.User,tlewisez,Timothy Lewis,tlewisez@ow.ly,Bunder,Male,12365,tlewisez,
models.User,jburnsf0,Justin Burns,jburnsf0@theguardian.com,Kudus,Male,74,jburnsf0,
models.User,mfoxf1,Mildred Fox,mfoxf1@pbs.org,Naze,Female,56,mfoxf1,
models.User,brossf2,Benjamin Ross,brossf2@xinhuanet.com,Lyuban’,Male,48465,brossf2,
models.User,klarsonf3,Kimberly Larson,klarsonf3@xinhuanet.com,Dzuunmod,Female,7,klarsonf3,
models.User,ffoxf4,Frank Fox,ffoxf4@tmall.com,Leskovec pri Krškem,Male,606,ffoxf4,
models.User,rrobinsonf5,Roger Robinson,rrobinsonf5@fda.gov,Pangkalanbunut,Male,32,rrobinsonf5,
models.User,tarnoldf6,Terry Arnold,tarnoldf6@tripadvisor.com,Abashiri,Male,4783,tarnoldf6,
models.User,rbellf7,Ralph Bell,rbellf7@ucoz.ru,Postřekov,Male,58,rbellf7,
models.User,ksullivanf8,Kelly Sullivan,ksullivanf8@boston.com,Imām Şāḩib,Female,9,ksullivanf8,
models.User,llopezf9,Laura Lopez,llopezf9@china.com.cn,Capelinha,Female,78033,llopezf9,
models.User,cwilliamsonfa,Christine Williamson,cwilliamsonfa@webnode.com,Ubatuba,Female,18509,cwilliamsonfa,
models.User,vburkefb,Victor Burke,vburkefb@netlog.com,Tabuc Pontevedra,Male,523,vburkefb,
models.User,lnicholsfc,Laura Nichols,lnicholsfc@prnewswire.com,Machala,Female,7,lnicholsfc,
models.User,wburtonfd,William Burton,wburtonfd@tuttocitta.it,Baracatan,Male,6404,wburtonfd,
models.User,mhansenfe,Marilyn Hansen,mhansenfe@umn.edu,Shuanglong,Female,4164,mhansenfe,
models.User,jrodriguezff,Jacqueline Rodriguez,jrodriguezff@sphinn.com,Hidalgo,Female,9370,jrodriguezff,
models.User,tmedinafg,Tammy Medina,tmedinafg@liveinternet.ru,Yongfeng,Female,6,tmedinafg,
models.User,vjohnstonfh,Victor Johnston,vjohnstonfh@wix.com,Mont-Laurier,Male,99,vjohnstonfh,
models.User,jschmidtfi,Judith Schmidt,jschmidtfi@hatena.ne.jp,Druya,Female,700,jschmidtfi,
models.User,rgutierrezfj,Randy Gutierrez,rgutierrezfj@yellowpages.com,Karangparwa,Male,89,rgutierrezfj,
models.User,swashingtonfk,Steve Washington,swashingtonfk@moonfruit.com,Igang,Male,292,swashingtonfk,
models.User,slopezfl,Stephanie Lopez,slopezfl@liveinternet.ru,Al Mazār,Female,9,slopezfl,
models.User,jmoralesfm,Jessica Morales,jmoralesfm@google.com.br,Karolinka,Female,143,jmoralesfm,
models.User,ssnyderfn,Sharon Snyder,ssnyderfn@squarespace.com,Cerklje na Gorenjskem,Female,42,ssnyderfn,
models.User,bblackfo,Bobby Black,bblackfo@seesaa.net,Larvik,Male,10,bblackfo,
models.User,mbellfp,Mildred Bell,mbellfp@unesco.org,Duoxiang,Female,6,mbellfp,
models.User,mthompsonfq,Martha Thompson,mthompsonfq@howstuffworks.com,Corujeira,Female,17716,mthompsonfq,
models.User,jharrisonfr,Jennifer Harrison,jharrisonfr@infoseek.co.jp,Heung-hai,Female,4271,jharrisonfr,
models.User,wmoralesfs,Wanda Morales,wmoralesfs@sbwire.com,Geyuan,Female,35,wmoralesfs,
models.User,jbrooksft,Judy Brooks,jbrooksft@ustream.tv,Irákleion,Female,4,jbrooksft,
models.User,thayesfu,Todd Hayes,thayesfu@baidu.com,Houmen,Male,40,thayesfu,
models.User,brobertsfv,Brenda Roberts,brobertsfv@cnet.com,Rū-ye Sang,Female,9,brobertsfv,
models.User,dgeorgefw,Doris George,dgeorgefw@ted.com,Karangampel,Female,218,dgeorgefw,
models.User,kgibsonfx,Kathryn Gibson,kgibsonfx@behance.net,Dicun,Female,405,kgibsonfx,
models.User,hmedinafy,Heather Medina,hmedinafy@hibu.com,Guli,Female,73203,hmedinafy,
models.User,srileyfz,Shirley Riley,srileyfz@webnode.com,Trångsund,Female,13,srileyfz,
models.User,irileyg0,Irene Riley,irileyg0@berkeley.edu,Armavir,Female,7870,irileyg0,
models.User,emorrisong1,Elizabeth Morrison,emorrisong1@unblog.fr,Bang Bua Thong,Female,44923,emorrisong1,
models.User,amoralesg2,Angela Morales,amoralesg2@blogs.com,Karlstad,Female,6,amoralesg2,
models.User,egrayg3,Edward Gray,egrayg3@parallels.com,Drochia,Male,8,egrayg3,
models.User,hdanielsg4,Heather Daniels,hdanielsg4@msn.com,Benito Juarez,Female,7,hdanielsg4,
models.User,sreyesg5,Steve Reyes,sreyesg5@sciencedirect.com,Tuchów,Male,55,sreyesg5,
models.User,tsnyderg6,Teresa Snyder,tsnyderg6@hp.com,Włocławek,Female,136,tsnyderg6,
models.User,phartg7,Phillip Hart,phartg7@yandex.ru,Mertert,Male,397,phartg7,
models.User,amurphyg8,Anne Murphy,amurphyg8@last.fm,Täby,Female,5231,amurphyg8,
models.User,jgrantg9,Jacqueline Grant,jgrantg9@smh.com.au,Calimita,Female,52,jgrantg9,
models.User,druizga,Douglas Ruiz,druizga@adobe.com,Sukaraja,Male,34222,druizga,
models.User,jsandersgb,Jerry Sanders,jsandersgb@imdb.com,Jorochito,Male,21,jsandersgb,
models.User,cgeorgegc,Carol George,cgeorgegc@tamu.edu,Inđija,Female,351,cgeorgegc,
models.User,jcampbellgd,Joyce Campbell,jcampbellgd@foxnews.com,Qamdo,Female,394,jcampbellgd,
models.User,jlarsonge,Juan Larson,jlarsonge@moonfruit.com,Igreja,Male,43,jlarsonge,
models.User,jscottgf,John Scott,jscottgf@amazon.com,Itaí,Male,408,jscottgf,
models.User,velliottgg,Virginia Elliott,velliottgg@google.co.uk,Cipolletti,Female,4,velliottgg,
models.User,mcastillogh,Melissa Castillo,mcastillogh@google.com.br,Dayr Mawās,Female,5,mcastillogh,
models.User,wbellgi,William Bell,wbellgi@indiatimes.com,Tymbark,Male,71,wbellgi,
models.User,jgarzagj,Jennifer Garza,jgarzagj@ox.ac.uk,Taraco,Female,65647,jgarzagj,
models.User,cbrooksgk,Christina Brooks,cbrooksgk@weather.com,Vayk’,Female,26937,cbrooksgk,
models.User,shansengl,Sharon Hansen,shansengl@noaa.gov,La Cuesta,Female,69,shansengl,
models.User,gmillergm,George Miller,gmillergm@yahoo.co.jp,San Francisco de Coray,Male,3357,gmillergm,
models.User,mmasongn,Margaret Mason,mmasongn@theglobeandmail.com,Tianfen,Female,59,mmasongn,
models.User,sgarrettgo,Steve Garrett,sgarrettgo@squidoo.com,Norrahammar,Male,4,sgarrettgo,
models.User,nfranklingp,Nicholas Franklin,nfranklingp@csmonitor.com,Couva,Male,7,nfranklingp,
models.User,wreynoldsgq,Walter Reynolds,wreynoldsgq@jugem.jp,Twardogóra,Male,52,wreynoldsgq,
models.User,cperrygr,Cheryl Perry,cperrygr@friendfeed.com,Ciparay,Female,16,cperrygr,
models.User,pjacobsgs,Peter Jacobs,pjacobsgs@mapquest.com,Katrineholm,Male,41472,pjacobsgs,
models.User,sjacobsgt,Sara Jacobs,sjacobsgt@twitter.com,Dioila,Female,27084,sjacobsgt,
models.User,prileygu,Peter Riley,prileygu@engadget.com,Shiqiao,Male,5272,prileygu,
models.User,asandersgv,Alice Sanders,asandersgv@gov.uk,Jiuxian,Female,5641,asandersgv,
models.User,tburnsgw,Teresa Burns,tburnsgw@yandex.ru,Kafue,Female,81442,tburnsgw,
models.User,mmorrisongx,Mildred Morrison,mmorrisongx@aol.com,Mianay,Female,68,mmorrisongx,
models.User,ahuntergy,Antonio Hunter,ahuntergy@webeden.co.uk,Châteauroux,Male,479,ahuntergy,
models.User,jwrightgz,Jesse Wright,jwrightgz@abc.net.au,Bagamoyo,Male,68585,jwrightgz,
models.User,talexanderh0,Terry Alexander,talexanderh0@loc.gov,Gonghe,Male,57921,talexanderh0,
models.User,hstephensh1,Helen Stephens,hstephensh1@google.cn,Dujuuma,Female,918,hstephensh1,
models.User,bsimmonsh2,Betty Simmons,bsimmonsh2@sohu.com,Laironja,Female,3642,bsimmonsh2,
models.User,shunth3,Shawn Hunt,shunth3@wired.com,Mama,Male,4408,shunth3,
models.User,dbowmanh4,Diane Bowman,dbowmanh4@tinyurl.com,Takedamachi,Female,575,dbowmanh4,
models.User,shicksh5,Shirley Hicks,shicksh5@zimbio.com,Afántou,Female,93552,shicksh5,
models.User,kdanielsh6,Kevin Daniels,kdanielsh6@bing.com,Rzhavki,Male,2803,kdanielsh6,
models.User,sfoxh7,Susan Fox,sfoxh7@webeden.co.uk,La Virgen,Female,6480,sfoxh7,
models.User,cjamesh8,Charles James,cjamesh8@ebay.com,Zblewo,Male,8,cjamesh8,
models.User,efranklinh9,Evelyn Franklin,efranklinh9@g.co,Astara,Female,15703,efranklinh9,
models.User,sspencerha,Sara Spencer,sspencerha@dedecms.com,Sabang,Female,25,sspencerha,
models.User,jbutlerhb,Julie Butler,jbutlerhb@quantcast.com,Yuhe,Female,6022,jbutlerhb,
models.User,lknighthc,Lois Knight,lknighthc@about.com,Sobontoro,Female,53212,lknighthc,
models.User,jbakerhd,Jeffrey Baker,jbakerhd@state.tx.us,Poncokusumo,Male,93378,jbakerhd,
models.User,mandersonhe,Michael Anderson,mandersonhe@e-recht24.de,Granja,Male,3533,mandersonhe,
models.User,mpalmerhf,Margaret Palmer,mpalmerhf@ebay.com,Stegna,Female,57059,mpalmerhf,
models.User,dmatthewshg,Diana Matthews,dmatthewshg@google.nl,Skinnskatteberg,Female,8,dmatthewshg,
models.User,mfosterhh,Mildred Foster,mfosterhh@dion.ne.jp,Arcueil,Female,58508,mfosterhh,
models.User,kweaverhi,Katherine Weaver,kweaverhi@issuu.com,Shahe,Female,7,kweaverhi,
models.User,bweaverhj,Brian Weaver,bweaverhj@w3.org,Kaputian,Male,497,bweaverhj,
models.User,kolsonhk,Kimberly Olson,kolsonhk@moonfruit.com,Cerenti,Female,63463,kolsonhk,
models.User,phernandezhl,Phyllis Hernandez,phernandezhl@blogs.com,Sopron,Female,991,phernandezhl,
models.User,smedinahm,Shawn Medina,smedinahm@wikispaces.com,Si Narong,Male,89,smedinahm,
models.User,caustinhn,Cynthia Austin,caustinhn@msn.com,Novocheboksarsk,Female,13637,caustinhn,
models.User,jdeanho,Joe Dean,jdeanho@foxnews.com,Bánica,Male,7,jdeanho,
models.User,ccruzhp,Carol Cruz,ccruzhp@hibu.com,Dupi,Female,37112,ccruzhp,
models.User,jparkerhq,Joshua Parker,jparkerhq@sun.com,Manicaragua,Male,11,jparkerhq,
models.User,jburkehr,Janice Burke,jburkehr@statcounter.com,Gakovo,Female,48748,jburkehr,
models.User,jmccoyhs,Jeremy Mccoy,jmccoyhs@github.io,Maulawin,Male,91278,jmccoyhs,
models.User,jperkinsht,Jose Perkins,jperkinsht@feedburner.com,Tost,Male,1070,jperkinsht,
models.User,btorreshu,Bonnie Torres,btorreshu@etsy.com,Lāmerd,Female,578,btorreshu,
models.User,lhowardhv,Lillian Howard,lhowardhv@de.vu,Prámanta,Female,98,lhowardhv,
models.User,nruizhw,Nicholas Ruiz,nruizhw@marriott.com,Kamphaeng Phet,Male,7625,nruizhw,
models.User,mwelchhx,Martha Welch,mwelchhx@nps.gov,Jabonga,Female,83,mwelchhx,
models.User,avasquezhy,Ashley Vasquez,avasquezhy@reddit.com,Panjiang,Female,0,avasquezhy,
models.User,sarnoldhz,Samuel Arnold,sarnoldhz@google.fr,Culianin,Male,21,sarnoldhz,
models.User,enicholsi0,Evelyn Nichols,enicholsi0@liveinternet.ru,São Tomé,Female,1,enicholsi0,
models.User,balvarezi1,Barbara Alvarez,balvarezi1@fotki.com,Novozavidovskiy,Female,6599,balvarezi1,
models.User,bolsoni2,Bobby Olson,bolsoni2@senate.gov,Itamaraju,Male,5,bolsoni2,
models.User,bburnsi3,Benjamin Burns,bburnsi3@disqus.com,Tunguang,Male,9,bburnsi3,
models.User,scarri4,Susan Carr,scarri4@wunderground.com,Pesagen,Female,7516,scarri4,
models.User,jgriffini5,Judy Griffin,jgriffini5@spotify.com,El Progreso,Female,5358,jgriffini5,
models.User,jmartinezi6,Joan Martinez,jmartinezi6@pcworld.com,Hanshou,Female,2,jmartinezi6,
models.User,wfergusoni7,Wanda Ferguson,wfergusoni7@issuu.com,Chunjiang,Female,986,wfergusoni7,
models.User,pwebbi8,Phillip Webb,pwebbi8@yahoo.co.jp,Tinalmud,Male,4682,pwebbi8,
models.User,tturneri9,Teresa Turner,tturneri9@imageshack.us,Charleston,Female,5,tturneri9,
models.User,jduncania,Janet Duncan,jduncania@dell.com,Bourg-en-Bresse,Female,278,jduncania,
models.User,cholmesib,Carolyn Holmes,cholmesib@arizona.edu,Estancia,Female,1,cholmesib,
models.User,acoxic,Andrew Cox,acoxic@cyberchimps.com,Shuangxi,Male,292,acoxic,
models.User,mhernandezid,Maria Hernandez,mhernandezid@oaic.gov.au,Akron,Female,4,mhernandezid,
models.User,jrobertsie,Joseph Roberts,jrobertsie@live.com,Hamilton,Male,44,jrobertsie,
models.User,acarpenterif,Anna Carpenter,acarpenterif@sfgate.com,Laironja,Female,78520,acarpenterif,
models.User,hhansenig,Howard Hansen,hhansenig@rediff.com,Burgastai,Male,16,hhansenig,
models.User,cjohnstonih,Catherine Johnston,cjohnstonih@nyu.edu,Comitancillo,Female,4554,cjohnstonih,
models.User,mgriffinii,Marie Griffin,mgriffinii@ucla.edu,Gardanne,Female,7,mgriffinii,
models.User,kkimij,Kathryn Kim,kkimij@cbc.ca,Dajianchang,Female,20,kkimij,
models.User,aelliottik,Ashley Elliott,aelliottik@de.vu,Alemanguan,Female,83462,aelliottik,
models.User,jsullivanil,Justin Sullivan,jsullivanil@spotify.com,Boundiali,Male,7006,jsullivanil,
models.User,aelliottim,Angela Elliott,aelliottim@blogspot.com,Nao,Female,865,aelliottim,
models.User,ktorresin,Kevin Torres,ktorresin@lycos.com,Nan’an,Male,60670,ktorresin,
models.User,jfullerio,Jacqueline Fuller,jfullerio@ox.ac.uk,Ubajami,Female,2,jfullerio,
models.User,fhowardip,Fred Howard,fhowardip@epa.gov,Pershotravneve,Male,8,fhowardip,
models.User,gwilsoniq,Gerald Wilson,gwilsoniq@ovh.net,Irupi,Male,34472,gwilsoniq,
models.User,aromeroir,Amy Romero,aromeroir@wsj.com,Mekarjaya Satu,Female,30690,aromeroir,
models.User,krichardsis,Keith Richards,krichardsis@ocn.ne.jp,Kímolos,Male,638,krichardsis,
models.User,malexanderit,Martin Alexander,malexanderit@msn.com,Kupu,Male,3725,malexanderit,
models.User,lpriceiu,Lisa Price,lpriceiu@wired.com,Helong,Female,168,lpriceiu,
models.User,bfergusoniv,Bobby Ferguson,bfergusoniv@jiathis.com,Rio Brilhante,Male,88,bfergusoniv,
models.User,rpalmeriw,Randy Palmer,rpalmeriw@histats.com,Harstad,Male,195,rpalmeriw,
models.User,ccastilloix,Carlos Castillo,ccastilloix@vimeo.com,Sinarbakti,Male,6,ccastilloix,
models.User,mmartineziy,Martha Martinez,mmartineziy@prweb.com,Obolo-Eke (1),Female,69,mmartineziy,
models.User,tsimsiz,Teresa Sims,tsimsiz@shareasale.com,Marne-la-Vallée,Female,3812,tsimsiz,
models.User,mgordonj0,Mark Gordon,mgordonj0@nasa.gov,Sumalig,Male,34,mgordonj0,
models.User,cmcdonaldj1,Carl Mcdonald,cmcdonaldj1@irs.gov,Krajan Satu,Male,441,cmcdonaldj1,
models.User,lstewartj2,Lois Stewart,lstewartj2@goodreads.com,Wuppertal,Female,6,lstewartj2,
models.User,tharveyj3,Thomas Harvey,tharveyj3@amazon.com,Pasirlaja,Male,78487,tharveyj3,
models.User,gmorganj4,Gerald Morgan,gmorganj4@miitbeian.gov.cn,Karpokhórion,Male,7926,gmorganj4,
models.User,bedwardsj5,Brenda Edwards,bedwardsj5@friendfeed.com,Delod Pangkung,Female,6538,bedwardsj5,
models.User,evasquezj6,Edward Vasquez,evasquezj6@instagram.com,Hangwula,Male,41,evasquezj6,
models.User,kramirezj7,Kimberly Ramirez,kramirezj7@de.vu,Pasadena,Female,60,kramirezj7,
models.User,grosej8,Gerald Rose,grosej8@ucoz.com,Waru Selatan,Male,0,grosej8,
models.User,bshawj9,Bobby Shaw,bshawj9@jugem.jp,Otacílio Costa,Male,614,bshawj9,
models.User,mpetersonja,Mildred Peterson,mpetersonja@clickbank.net,Allkaj,Female,8,mpetersonja,
models.User,wperryjb,Willie Perry,wperryjb@smugmug.com,Bacong,Male,8,wperryjb,
models.User,jclarkjc,Jerry Clark,jclarkjc@nih.gov,Shido,Male,4,jclarkjc,
models.User,rryanjd,Ryan Ryan,rryanjd@virginia.edu,Sang-e Chārak,Male,238,rryanjd,
models.User,dkelleyje,Daniel Kelley,dkelleyje@wufoo.com,Taokeng,Male,81703,dkelleyje,
models.User,amasonjf,Antonio Mason,amasonjf@feedburner.com,Krajandadapmulyo,Male,991,amasonjf,
models.User,jholmesjg,Jerry Holmes,jholmesjg@home.pl,Coromandel,Male,1216,jholmesjg,
models.User,ascottjh,Alan Scott,ascottjh@state.gov,Przyborów,Male,35180,ascottjh,
models.User,mmyersji,Mildred Myers,mmyersji@google.ca,Yekimovichi,Female,4,mmyersji,
models.User,jhalljj,Judy Hall,jhalljj@netvibes.com,Gulyantsi,Female,5573,jhalljj,
models.User,hbanksjk,Helen Banks,hbanksjk@yelp.com,Borek Wielkopolski,Female,6,hbanksjk,
models.User,hmontgomeryjl,Harry Montgomery,hmontgomeryjl@scientificamerican.com,Martin,Male,5931,hmontgomeryjl,
models.User,mdavisjm,Margaret Davis,mdavisjm@spiegel.de,Dandai,Female,673,mdavisjm,
models.User,tcruzjn,Tammy Cruz,tcruzjn@upenn.edu,Gremyachinsk,Female,91,tcruzjn,
models.User,rcastillojo,Rebecca Castillo,rcastillojo@posterous.com,Lo Prado,Female,6,rcastillojo,
models.User,mfloresjp,Marie Flores,mfloresjp@epa.gov,Jundian,Female,301,mfloresjp,
models.User,awelchjq,Aaron Welch,awelchjq@phpbb.com,Afikpo,Male,80735,awelchjq,
models.User,ecolejr,Evelyn Cole,ecolejr@squarespace.com,Bojong,Female,6,ecolejr,
models.User,nhartjs,Norma Hart,nhartjs@howstuffworks.com,Xingxi,Female,2,nhartjs,
models.User,jthompsonjt,Juan Thompson,jthompsonjt@ucoz.ru,Nkove,Male,18,jthompsonjt,
models.User,dhamiltonju,Donald Hamilton,dhamiltonju@boston.com,Sukamaju Kidul,Male,7737,dhamiltonju,
models.User,abanksjv,Anna Banks,abanksjv@nyu.edu,Przemków,Female,33640,abanksjv,
models.User,ethomasjw,Elizabeth Thomas,ethomasjw@berkeley.edu,Sātkhira,Female,48,ethomasjw,
models.User,rwarrenjx,Randy Warren,rwarrenjx@uiuc.edu,Matou,Male,7590,rwarrenjx,
models.User,dmyersjy,David Myers,dmyersjy@chicagotribune.com,Åhus,Male,91525,dmyersjy,
models.User,pturnerjz,Patricia Turner,pturnerjz@live.com,Catayauan,Female,93,pturnerjz,
models.User,delliottk0,Doris Elliott,delliottk0@hhs.gov,Mikulintsy,Female,9,delliottk0,
models.User,treynoldsk1,Teresa Reynolds,treynoldsk1@studiopress.com,Matriz de Camaragibe,Female,81342,treynoldsk1,
models.User,nwatsonk2,Nancy Watson,nwatsonk2@nsw.gov.au,Severo-Zadonsk,Female,93,nwatsonk2,
models.User,rbishopk3,Rachel Bishop,rbishopk3@ft.com,Kafr Kannā,Female,3528,rbishopk3,
models.User,ctorresk4,Cheryl Torres,ctorresk4@quantcast.com,Karangtalun,Female,0,ctorresk4,
models.User,pgardnerk5,Paula Gardner,pgardnerk5@ihg.com,Gaotieling,Female,2672,pgardnerk5,
models.User,mwhitek6,Matthew White,mwhitek6@ow.ly,Bordeaux,Male,1,mwhitek6,
models.User,bbennettk7,Barbara Bennett,bbennettk7@baidu.com,Na Thawi,Female,732,bbennettk7,
models.User,bmedinak8,Bruce Medina,bmedinak8@360.cn,Edson,Male,49211,bmedinak8,
models.User,swarrenk9,Shawn Warren,swarrenk9@spotify.com,Xin’an,Male,752,swarrenk9,
models.User,lalexanderka,Lois Alexander,lalexanderka@intel.com,Krajan Kulon,Female,616,lalexanderka,
models.User,rlittlekb,Randy Little,rlittlekb@answers.com,Long Loreh,Male,37,rlittlekb,
models.User,jsimpsonkc,Johnny Simpson,jsimpsonkc@networksolutions.com,Bejsce,Male,42359,jsimpsonkc,
models.User,doliverkd,Doris Oliver,doliverkd@npr.org,Urzuf,Female,75703,doliverkd,
models.User,awilsonke,Alan Wilson,awilsonke@gmpg.org,Svetogorsk,Male,2,awilsonke,
models.User,msullivankf,Melissa Sullivan,msullivankf@baidu.com,Hekou,Female,75,msullivankf,
models.User,rporterkg,Richard Porter,rporterkg@wisc.edu,Hekou,Male,2848,rporterkg,
models.User,ccampbellkh,Craig Campbell,ccampbellkh@ehow.com,Sosnowiec,Male,6210,ccampbellkh,
models.User,kschmidtki,Karen Schmidt,kschmidtki@mayoclinic.com,Salvacion,Female,763,kschmidtki,
models.User,lfloreskj,Laura Flores,lfloreskj@tmall.com,Stockholm,Female,559,lfloreskj,
models.User,creedkk,Catherine Reed,creedkk@flickr.com,Meia Via,Female,9,creedkk,
models.User,mmitchellkl,Mark Mitchell,mmitchellkl@google.com.br,Zhouyuan,Male,6779,mmitchellkl,
models.User,mpeterskm,Mildred Peters,mpeterskm@mail.ru,Gala,Female,2,mpeterskm,
models.User,hlynchkn,Harold Lynch,hlynchkn@netvibes.com,Ledenice,Male,27,hlynchkn,
models.User,wmooreko,William Moore,wmooreko@google.cn,Lendangara Satu,Male,56,wmooreko,
models.User,dbrookskp,Daniel Brooks,dbrookskp@elpais.com,Souq Larb’a al Gharb,Male,9,dbrookskp,
models.User,sshawkq,Susan Shaw,sshawkq@rakuten.co.jp,Tugu,Female,2,sshawkq,
models.User,bhickskr,Billy Hicks,bhickskr@about.com,Arroyo Seco,Male,5685,bhickskr,
models.User,gboydks,Gary Boyd,gboydks@soundcloud.com,Bangunharja,Male,30,gboydks,
models.User,dburtonkt,Donald Burton,dburtonkt@over-blog.com,Ipoh,Male,5403,dburtonkt,
models.User,wbellku,Walter Bell,wbellku@adobe.com,Kamensk-Ural’skiy,Male,812,wbellku,
models.User,lpricekv,Laura Price,lpricekv@hubpages.com,Fort Wayne,Female,98,lpricekv,
models.User,pjohnsonkw,Paula Johnson,pjohnsonkw@theglobeandmail.com,Hutag,Female,4587,pjohnsonkw,
models.User,gperezkx,George Perez,gperezkx@1688.com,La Cueva,Male,527,gperezkx,
models.User,rramosky,Roger Ramos,rramosky@bluehost.com,Zhosaly,Male,69,rramosky,
models.User,agriffinkz,Alan Griffin,agriffinkz@a8.net,Leninsk,Male,44,agriffinkz,
models.User,bpaynel0,Beverly Payne,bpaynel0@godaddy.com,Nidek,Female,11993,bpaynel0,
models.User,apetersl1,Angela Peters,apetersl1@businessweek.com,Skien,Female,5829,apetersl1,
models.User,eshawl2,Evelyn Shaw,eshawl2@lycos.com,Idvor,Female,59897,eshawl2,
models.User,amorenol3,Ashley Moreno,amorenol3@cnet.com,Yanzhou,Female,9077,amorenol3,
models.User,jpetersl4,Jane Peters,jpetersl4@squarespace.com,Jacksonville,Female,261,jpetersl4,
models.User,kgutierrezl5,Kathryn Gutierrez,kgutierrezl5@ted.com,Vicuña,Female,942,kgutierrezl5,
models.User,bthompsonl6,Barbara Thompson,bthompsonl6@nbcnews.com,Zuobude,Female,98,bthompsonl6,
models.User,jstanleyl7,Janice Stanley,jstanleyl7@narod.ru,Blagaj,Female,79594,jstanleyl7,
models.User,emitchelll8,Ernest Mitchell,emitchelll8@nymag.com,Al Fuwayliq,Male,242,emitchelll8,
models.User,bhicksl9,Bonnie Hicks,bhicksl9@hp.com,Marka,Female,98797,bhicksl9,
models.User,bwestla,Bonnie West,bwestla@timesonline.co.uk,Independencia,Female,5925,bwestla,
models.User,gwatkinslb,Gloria Watkins,gwatkinslb@wikispaces.com,Siteía,Female,51,gwatkinslb,
models.User,rmarshalllc,Russell Marshall,rmarshalllc@diigo.com,Karapyshi,Male,348,rmarshalllc,
models.User,jmartinld,Justin Martin,jmartinld@ycombinator.com,Mawu,Male,6,jmartinld,
models.User,aelliottle,Andrea Elliott,aelliottle@twitpic.com,Guarapari,Female,905,aelliottle,
models.User,mhalllf,Matthew Hall,mhalllf@spiegel.de,Airmadidi,Male,8,mhalllf,
models.User,jstonelg,Judith Stone,jstonelg@nifty.com,Kamuli,Female,1,jstonelg,
models.User,jmillslh,Janet Mills,jmillslh@lulu.com,Jinka,Female,56982,jmillslh,
models.User,rkimli,Russell Kim,rkimli@spotify.com,Dresi Wetan,Male,474,rkimli,
models.User,charrislj,Catherine Harris,charrislj@sun.com,Al Ghuwayrīyah,Female,0,charrislj,
models.User,cgonzalezlk,Carolyn Gonzalez,cgonzalezlk@google.com.br,La Tinguiña,Female,5,cgonzalezlk,
models.User,lbennettll,Lawrence Bennett,lbennettll@freewebs.com,Borzoy,Male,38360,lbennettll,
models.User,jgrahamlm,Joan Graham,jgrahamlm@hud.gov,Shahkot,Female,40,jgrahamlm,
models.User,dthomasln,Doris Thomas,dthomasln@trellian.com,Tangjian,Female,56,dthomasln,
models.User,jlonglo,Joan Long,jlonglo@youku.com,Boituva,Female,316,jlonglo,
models.User,jmasonlp,Joe Mason,jmasonlp@cam.ac.uk,Várzea Grande,Male,9661,jmasonlp,
models.User,dwebblq,Denise Webb,dwebblq@wunderground.com,Wonokerto,Female,75333,dwebblq,
models.User,lweaverlr,Lois Weaver,lweaverlr@gizmodo.com,Itinga,Female,98449,lweaverlr,
models.User,jreynoldsls,Jacqueline Reynolds,jreynoldsls@usda.gov,Yuanmou,Female,3,jreynoldsls,
models.User,tmcdonaldlt,Teresa Mcdonald,tmcdonaldlt@amazonaws.com,Eger,Female,30,tmcdonaldlt,
models.User,rcolelu,Robert Cole,rcolelu@guardian.co.uk,Xinli,Male,137,rcolelu,
models.User,lmarshalllv,Linda Marshall,lmarshalllv@washington.edu,Yingjiang,Female,26,lmarshalllv,
models.User,wmedinalw,Wayne Medina,wmedinalw@howstuffworks.com,Semikarakorsk,Male,91685,wmedinalw,
models.User,rbrownlx,Rachel Brown,rbrownlx@altervista.org,Mayang,Female,65,rbrownlx,
models.User,swebbly,Susan Webb,swebbly@cdbaby.com,Nielisz,Female,1224,swebbly,
models.User,hryanlz,Heather Ryan,hryanlz@fda.gov,Las Flores,Female,7315,hryanlz,
models.User,arichardsm0,Antonio Richards,arichardsm0@apple.com,Steinkjer,Male,53738,arichardsm0,
models.User,cmartinezm1,Charles Martinez,cmartinezm1@edublogs.org,Laocheng,Male,3774,cmartinezm1,
models.User,swarrenm2,Shawn Warren,swarrenm2@ustream.tv,Tangalla,Male,63721,swarrenm2,
models.User,mmurphym3,Melissa Murphy,mmurphym3@ycombinator.com,Sv. Ana v Slov. Goricah,Female,8485,mmurphym3,
models.User,eburkem4,Eugene Burke,eburkem4@taobao.com,Grajaú,Male,3937,eburkem4,
models.User,aelliottm5,Adam Elliott,aelliottm5@wp.com,Zalewo,Male,4,aelliottm5,
models.User,bmontgomerym6,Benjamin Montgomery,bmontgomerym6@shutterfly.com,Xietang,Male,6,bmontgomerym6,
models.User,lnicholsm7,Linda Nichols,lnicholsm7@apache.org,Tsarychanka,Female,51216,lnicholsm7,
models.User,hwalkerm8,Harry Walker,hwalkerm8@reddit.com,Karata,Male,23024,hwalkerm8,
models.User,ahendersonm9,Albert Henderson,ahendersonm9@51.la,Wonokerto,Male,50,ahendersonm9,
models.User,jboydma,Jean Boyd,jboydma@wp.com,Shanyang,Female,1029,jboydma,
models.User,mdanielsmb,Martin Daniels,mdanielsmb@washington.edu,Villa Nueva,Male,4,mdanielsmb,
models.User,kpalmermc,Kathleen Palmer,kpalmermc@gov.uk,Itsandzéni,Female,7,kpalmermc,
models.User,molivermd,Martin Oliver,molivermd@sakura.ne.jp,Marseille,Male,536,molivermd,
models.User,bhenryme,Bruce Henry,bhenryme@illinois.edu,Arys,Male,73,bhenryme,
models.User,jstewartmf,Jessica Stewart,jstewartmf@prweb.com,Guohe,Female,2437,jstewartmf,
models.User,cperrymg,Carolyn Perry,cperrymg@washington.edu,Taguing,Female,6897,cperrymg,
models.User,jcoxmh,Joshua Cox,jcoxmh@dyndns.org,Jiamaogong,Male,65,jcoxmh,
models.User,wsandersmi,Walter Sanders,wsandersmi@blogs.com,Monte Agudo,Male,3,wsandersmi,
models.User,jperkinsmj,Janice Perkins,jperkinsmj@google.es,Grand Junction,Female,89991,jperkinsmj,
models.User,ephillipsmk,Eugene Phillips,ephillipsmk@mlb.com,Volnovakha,Male,39468,ephillipsmk,
models.User,jsandersml,Jeremy Sanders,jsandersml@bluehost.com,Mrongi Daja,Male,1,jsandersml,
models.User,bharveymm,Beverly Harvey,bharveymm@freewebs.com,Sumberejo,Female,96421,bharveymm,
models.User,arosemn,Arthur Rose,arosemn@sogou.com,Santo Domingo,Male,6,arosemn,
models.User,jleemo,John Lee,jleemo@utexas.edu,Kertai,Male,68965,jleemo,
models.User,pjamesmp,Paul James,pjamesmp@cocolog-nifty.com,Sacsamarca,Male,48775,pjamesmp,
models.User,alawsonmq,Arthur Lawson,alawsonmq@sciencedaily.com,Los Guayos,Male,73,alawsonmq,
models.User,fparkermr,Frances Parker,fparkermr@reuters.com,Buena Vista,Female,708,fparkermr,
models.User,chunterms,Christine Hunter,chunterms@flickr.com,Ciro Redondo,Female,0,chunterms,
models.User,gberrymt,Gregory Berry,gberrymt@lycos.com,Llocllapampa,Male,9,gberrymt,
models.User,aandrewsmu,Ashley Andrews,aandrewsmu@symantec.com,Dartang,Female,0,aandrewsmu,
models.User,csmithmv,Christopher Smith,csmithmv@msu.edu,Pahārpur,Male,2937,csmithmv,
models.User,sblackmw,Steve Black,sblackmw@scientificamerican.com,Dek’emhāre,Male,28776,sblackmw,
models.User,psullivanmx,Phyllis Sullivan,psullivanmx@meetup.com,Harderwijk,Female,424,psullivanmx,
models.User,dhendersonmy,David Henderson,dhendersonmy@posterous.com,Itagüí,Male,4460,dhendersonmy,
models.User,dreynoldsmz,Daniel Reynolds,dreynoldsmz@usnews.com,Dingdian,Male,8188,dreynoldsmz,
models.User,vramosn0,Virginia Ramos,vramosn0@google.de,Huangcun,Female,1,vramosn0,
models.User,jkellyn1,Judy Kelly,jkellyn1@amazon.co.jp,Karadaglije,Female,85318,jkellyn1,
models.User,bfordn2,Brandon Ford,bfordn2@vimeo.com,Pongol,Male,49335,bfordn2,
models.User,jkimn3,Julie Kim,jkimn3@ifeng.com,Clifden,Female,20,jkimn3,
models.User,amcdonaldn4,Antonio Mcdonald,amcdonaldn4@squarespace.com,Néa Péramos,Male,4,amcdonaldn4,
models.User,kvasquezn5,Kenneth Vasquez,kvasquezn5@flavors.me,Petiga,Male,96,kvasquezn5,
models.User,rdayn6,Robin Day,rdayn6@meetup.com,Fukou,Female,0,rdayn6,
models.User,ltaylorn7,Louis Taylor,ltaylorn7@cdc.gov,Pushkino,Male,9714,ltaylorn7,
models.User,whernandezn8,William Hernandez,whernandezn8@thetimes.co.uk,Arazane,Male,24347,whernandezn8,
models.User,sricen9,Sandra Rice,sricen9@shop-pro.jp,Lorient,Female,385,sricen9,
models.User,dfosterna,Douglas Foster,dfosterna@accuweather.com,Jiaoziya,Male,8618,dfosterna,
models.User,tholmesnb,Timothy Holmes,tholmesnb@typepad.com,Xiaosong,Male,6868,tholmesnb,
models.User,sfergusonnc,Stephanie Ferguson,sfergusonnc@abc.net.au,Wanga,Female,5,sfergusonnc,
models.User,rcarpenternd,Randy Carpenter,rcarpenternd@china.com.cn,Ar Riqāb,Male,713,rcarpenternd,
models.User,rstewartne,Ronald Stewart,rstewartne@ucoz.com,Gia Nghĩa,Male,76,rstewartne,
models.User,rnelsonnf,Roger Nelson,rnelsonnf@census.gov,Ostashkov,Male,88179,rnelsonnf,
models.User,rmillerng,Rebecca Miller,rmillerng@usnews.com,Timmins,Female,77279,rmillerng,
models.User,jbennettnh,Jean Bennett,jbennettnh@answers.com,Enköping,Female,8598,jbennettnh,
models.User,rhicksni,Robin Hicks,rhicksni@accuweather.com,Vazante,Female,2,rhicksni,
models.User,jburkenj,Jeffrey Burke,jburkenj@freewebs.com,Bicas,Male,0,jburkenj,
models.User,kmoorenk,Kathy Moore,kmoorenk@ft.com,Indianapolis,Female,7,kmoorenk,
models.User,sperkinsnl,Stephanie Perkins,sperkinsnl@google.it,Bergem,Female,958,sperkinsnl,
models.User,mgordonnm,Martha Gordon,mgordonnm@hc360.com,Kuloy,Female,981,mgordonnm,
models.User,hsullivannn,Harry Sullivan,hsullivannn@xrea.com,Cancas,Male,95413,hsullivannn,
models.User,rbrooksno,Robin Brooks,rbrooksno@bloglovin.com,Changlu,Female,1370,rbrooksno,
models.User,hlewisnp,Henry Lewis,hlewisnp@friendfeed.com,Yulong,Male,61,hlewisnp,
models.User,dsmithnq,Diana Smith,dsmithnq@adobe.com,Pułtusk,Female,105,dsmithnq,
models.User,sharrisnr,Scott Harris,sharrisnr@rediff.com,Grebnevo,Male,83615,sharrisnr,
models.User,msmithns,Maria Smith,msmithns@theatlantic.com,Mazamet,Female,95,msmithns,
models.User,rmillsnt,Roy Mills,rmillsnt@bloglines.com,Dicun,Male,1,rmillsnt,
models.User,rburkenu,Ruby Burke,rburkenu@freewebs.com,Masingbi,Female,953,rburkenu,
models.User,rjohnsonnv,Ronald Johnson,rjohnsonnv@ft.com,Medellín,Male,55518,rjohnsonnv,
models.User,lfraziernw,Laura Frazier,lfraziernw@drupal.org,Pasaje,Female,9,lfraziernw,
models.User,cgrahamnx,Cynthia Graham,cgrahamnx@mashable.com,Świeradów-Zdrój,Female,79,cgrahamnx,
models.User,afieldsny,Ann Fields,afieldsny@un.org,San Cristóbal,Female,0,afieldsny,
models.User,jallennz,Jack Allen,jallennz@addtoany.com,Tifni,Male,20,jallennz,
models.User,djacobso0,Diana Jacobs,djacobso0@tmall.com,Andres Bonifacio,Female,1131,djacobso0,
models.User,kwarreno1,Kathleen Warren,kwarreno1@nsw.gov.au,Avesta,Female,13,kwarreno1,
models.User,dkingo2,Douglas King,dkingo2@t-online.de,Guagua,Male,1381,dkingo2,
models.User,jharpero3,Judy Harper,jharpero3@scientificamerican.com,Kayapa,Female,25255,jharpero3,
models.User,bsnydero4,Bruce Snyder,bsnydero4@noaa.gov,Fuchang,Male,1412,bsnydero4,
models.User,rharveyo5,Rebecca Harvey,rharveyo5@ovh.net,Cachachi,Female,37,rharveyo5,
models.User,dlopezo6,Diane Lopez,dlopezo6@histats.com,Tomas,Female,60767,dlopezo6,
models.User,hmurrayo7,Henry Murray,hmurrayo7@de.vu,Tumpakkepuh,Male,3,hmurrayo7,
models.User,nweavero8,Nancy Weaver,nweavero8@networkadvertising.org,Lobão,Female,67814,nweavero8,
models.User,mjacobso9,Marilyn Jacobs,mjacobso9@adobe.com,Wisła,Female,42,mjacobso9,
models.User,hyoungoa,Heather Young,hyoungoa@ed.gov,Shanggan,Female,42,hyoungoa,
models.User,dhartob,Donald Hart,dhartob@seesaa.net,Kyonju,Male,62163,dhartob,
models.User,vhunteroc,Virginia Hunter,vhunteroc@sfgate.com,Gobojango,Female,454,vhunteroc,
models.User,lhansenod,Lois Hansen,lhansenod@ezinearticles.com,Shiroishi,Female,86,lhansenod,
models.User,hmatthewsoe,Howard Matthews,hmatthewsoe@google.pl,Laval,Male,61320,hmatthewsoe,
models.User,edunnof,Emily Dunn,edunnof@naver.com,Pailles,Female,93,edunnof,
models.User,ijohnsonog,Irene Johnson,ijohnsonog@globo.com,Embi,Female,7925,ijohnsonog,
models.User,gjenkinsoh,Gregory Jenkins,gjenkinsoh@hibu.com,Mengyin,Male,4302,gjenkinsoh,
models.User,hgordonoi,Heather Gordon,hgordonoi@pagesperso-orange.fr,Cibunut,Female,19494,hgordonoi,
models.User,smooreoj,Steven Moore,smooreoj@jiathis.com,Kebon,Male,7555,smooreoj,
models.User,bjonesok,Betty Jones,bjonesok@barnesandnoble.com,Trongsa,Female,459,bjonesok,
models.User,jlynchol,Jerry Lynch,jlynchol@house.gov,Khawr Fakkān,Male,922,jlynchol,
models.User,vriveraom,Virginia Rivera,vriveraom@discovery.com,Traganón,Female,891,vriveraom,
models.User,akennedyon,Albert Kennedy,akennedyon@utexas.edu,Mucurapo,Male,6547,akennedyon,
models.User,rroseoo,Russell Rose,rroseoo@deviantart.com,La Tebaida,Male,6202,rroseoo,
models.User,fgriffinop,Frances Griffin,fgriffinop@state.gov,Lokavec,Female,66,fgriffinop,
models.User,cbanksoq,Carol Banks,cbanksoq@miitbeian.gov.cn,Montonggamang,Female,684,cbanksoq,
models.User,rmorrisor,Robin Morris,rmorrisor@hugedomains.com,Vitarte,Female,408,rmorrisor,
models.User,vschmidtos,Virginia Schmidt,vschmidtos@nhs.uk,Katovice,Female,5,vschmidtos,
models.User,lrussellot,Lawrence Russell,lrussellot@timesonline.co.uk,Il’skiy,Male,188,lrussellot,
models.User,sstoneou,Scott Stone,sstoneou@google.es,Lafiagi,Male,5871,sstoneou,
models.User,jwatkinsov,Jane Watkins,jwatkinsov@economist.com,Atamanovka,Female,806,jwatkinsov,
models.User,shenryow,Steve Henry,shenryow@craigslist.org,Kagadi,Male,7827,shenryow,
models.User,shernandezox,Stephen Hernandez,shernandezox@vistaprint.com,Washington,Male,1288,shernandezox,
models.User,rcoleoy,Randy Cole,rcoleoy@un.org,Danbury,Male,4343,rcoleoy,
models.User,jramosoz,Joan Ramos,jramosoz@umich.edu,Floriana,Female,4132,jramosoz,
models.User,areidp0,Anne Reid,areidp0@flickr.com,Makati City,Female,5210,areidp0,
models.User,jcastillop1,Jack Castillo,jcastillop1@sogou.com,Tayuan,Male,679,jcastillop1,
models.User,mortizp2,Mildred Ortiz,mortizp2@netscape.com,Beizi,Female,49,mortizp2,
models.User,dkennedyp3,David Kennedy,dkennedyp3@blinklist.com,Tabio,Male,0,dkennedyp3,
models.User,jhawkinsp4,Jose Hawkins,jhawkinsp4@clickbank.net,Middleton,Male,841,jhawkinsp4,
models.User,bsimpsonp5,Bobby Simpson,bsimpsonp5@deliciousdays.com,Talalora,Male,96947,bsimpsonp5,
models.User,bhowardp6,Brenda Howard,bhowardp6@bloglovin.com,Skomielna Czarna,Female,0,bhowardp6,
models.User,cjacksonp7,Christine Jackson,cjacksonp7@blogspot.com,Teófilo Otoni,Female,587,cjacksonp7,
models.User,dfreemanp8,Denise Freeman,dfreemanp8@mozilla.com,Donskoy,Female,8,dfreemanp8,
models.User,roliverp9,Ruth Oliver,roliverp9@omniture.com,Rzhev,Female,76,roliverp9,
models.User,dweaverpa,Diane Weaver,dweaverpa@privacy.gov.au,Seattle,Female,121,dweaverpa,
models.User,ijordanpb,Irene Jordan,ijordanpb@w3.org,Lewolang,Female,246,ijordanpb,
models.User,ahansenpc,Annie Hansen,ahansenpc@mozilla.com,Bāfq,Female,8,ahansenpc,
models.User,cjamespd,Cynthia James,cjamespd@cornell.edu,Yarumal,Female,66,cjamespd,
models.User,sbellpe,Sandra Bell,sbellpe@ucsd.edu,Morelos,Female,91,sbellpe,
models.User,dwatkinspf,Douglas Watkins,dwatkinspf@globo.com,Fenghui,Male,96,dwatkinspf,
models.User,crodriguezpg,Charles Rodriguez,crodriguezpg@studiopress.com,Jincheng,Male,589,crodriguezpg,
models.User,jcunninghamph,Jonathan Cunningham,jcunninghamph@histats.com,Zhangguanying,Male,5918,jcunninghamph,
models.User,rburnspi,Roy Burns,rburnspi@icq.com,Ma’an,Male,594,rburnspi,
models.User,rrichardsonpj,Russell Richardson,rrichardsonpj@smugmug.com,Krenggan,Male,21363,rrichardsonpj,
models.User,saustinpk,Samuel Austin,saustinpk@admin.ch,Mentougou,Male,2001,saustinpk,
models.User,dkelleypl,Denise Kelley,dkelleypl@google.co.uk,Mutsu,Female,8,dkelleypl,
models.User,egrantpm,Eugene Grant,egrantpm@drupal.org,Klisura,Male,27527,egrantpm,
models.User,shansenpn,Shirley Hansen,shansenpn@patch.com,Manwakh,Female,8,shansenpn,
models.User,hmillerpo,Harold Miller,hmillerpo@elpais.com,Marianowo,Male,838,hmillerpo,
models.User,ljacobspp,Larry Jacobs,ljacobspp@shutterfly.com,Nūr,Male,153,ljacobspp,
models.User,acarrollpq,Antonio Carroll,acarrollpq@cdc.gov,Si Somdet,Male,47,acarrollpq,
models.User,wburkepr,Walter Burke,wburkepr@indiatimes.com,Safonovo,Male,66,wburkepr,
models.User,hcolemanps,Heather Coleman,hcolemanps@tuttocitta.it,Mikhaylovskoye,Female,38034,hcolemanps,
models.User,bdeanpt,Brenda Dean,bdeanpt@google.ca,Jianggang,Female,201,bdeanpt,
models.User,hburkepu,Helen Burke,hburkepu@java.com,Lady Frere,Female,57,hburkepu,
models.User,shillpv,Steve Hill,shillpv@hostgator.com,Kupino,Male,82,shillpv,
models.User,acarterpw,Annie Carter,acarterpw@discuz.net,Zhaogezhuang,Female,6,acarterpw,
models.User,smarshallpx,Steve Marshall,smarshallpx@yahoo.com,Vavoua,Male,135,smarshallpx,
models.User,rwilliamspy,Rachel Williams,rwilliamspy@dropbox.com,Herval,Female,73,rwilliamspy,
models.User,bwagnerpz,Betty Wagner,bwagnerpz@smugmug.com,Shahezi,Female,6096,bwagnerpz,
models.User,cgrahamq0,Cheryl Graham,cgrahamq0@ow.ly,Ngujuran,Female,4884,cgrahamq0,
models.User,pstanleyq1,Phyllis Stanley,pstanleyq1@pcworld.com,Cimişlia,Female,88217,pstanleyq1,
models.User,dthompsonq2,Diane Thompson,dthompsonq2@soup.io,Leicheng,Female,30950,dthompsonq2,
models.User,sturnerq3,Sharon Turner,sturnerq3@wikia.com,Granada,Female,68640,sturnerq3,
models.User,hjohnsonq4,Harold Johnson,hjohnsonq4@theguardian.com,Sūrīān,Male,525,hjohnsonq4,
models.User,jhansonq5,Judith Hanson,jhansonq5@harvard.edu,Bongued,Female,617,jhansonq5,
models.User,hadamsq6,Howard Adams,hadamsq6@guardian.co.uk,Tigbinan,Male,39,hadamsq6,
models.User,tlarsonq7,Terry Larson,tlarsonq7@forbes.com,Cavan,Male,0,tlarsonq7,
models.User,kadamsq8,Kathy Adams,kadamsq8@google.com.br,Châteaurenard,Female,185,kadamsq8,
models.User,hsimsq9,Heather Sims,hsimsq9@oakley.com,Kotabaru,Female,4449,hsimsq9,
models.User,bpayneqa,Bonnie Payne,bpayneqa@google.it,Fastiv,Female,8,bpayneqa,
models.User,tmoralesqb,Teresa Morales,tmoralesqb@wikispaces.com,Shuidong,Female,50241,tmoralesqb,
models.User,hrichardsqc,Harold Richards,hrichardsqc@narod.ru,Cap Malheureux,Male,62,hrichardsqc,
models.User,jandersonqd,Jeremy Anderson,jandersonqd@nydailynews.com,Bertioga,Male,11,jandersonqd,
models.User,ehuntqe,Elizabeth Hunt,ehuntqe@yelp.com,Kiyevskoye,Female,894,ehuntqe,
models.User,jmendozaqf,Joseph Mendoza,jmendozaqf@senate.gov,Asaita,Male,4,jmendozaqf,
models.User,aevansqg,Angela Evans,aevansqg@dmoz.org,Alor Setar,Female,60514,aevansqg,
models.User,sjamesqh,Sara James,sjamesqh@arizona.edu,Chengjiao,Female,2,sjamesqh,
models.User,jpayneqi,Justin Payne,jpayneqi@dropbox.com,Linquan,Male,7582,jpayneqi,
models.User,cfordqj,Christina Ford,cfordqj@squarespace.com,Łukowa,Female,5342,cfordqj,
models.User,chamiltonqk,Charles Hamilton,chamiltonqk@latimes.com,Rumilly,Male,390,chamiltonqk,
models.User,ggilbertql,Gary Gilbert,ggilbertql@etsy.com,Spirovo,Male,7560,ggilbertql,
models.User,jstanleyqm,Johnny Stanley,jstanleyqm@epa.gov,Mizunami,Male,8184,jstanleyqm,
models.User,rhansenqn,Robert Hansen,rhansenqn@geocities.jp,Cemplang,Male,28749,rhansenqn,
models.User,baustinqo,Bonnie Austin,baustinqo@furl.net,Dauriya,Female,40078,baustinqo,
models.User,rrossqp,Rose Ross,rrossqp@google.com.br,Sauce,Female,128,rrossqp,
models.User,rbishopqq,Ruby Bishop,rbishopqq@ibm.com,Molde,Female,6870,rbishopqq,
models.User,fbutlerqr,Frank Butler,fbutlerqr@utexas.edu,Poddor’ye,Male,243,fbutlerqr,
models.User,jharrisonqs,Jason Harrison,jharrisonqs@army.mil,Jamaica,Male,2420,jharrisonqs,
models.User,bgrayqt,Bruce Gray,bgrayqt@addtoany.com,Amu Gulang Baolige,Male,48,bgrayqt,
models.User,ejamesqu,Earl James,ejamesqu@trellian.com,Ágios Andréas,Male,36578,ejamesqu,
models.User,jgrayqv,Justin Gray,jgrayqv@gmpg.org,Huancheng,Male,180,jgrayqv,
models.User,ehowardqw,Evelyn Howard,ehowardqw@vkontakte.ru,Gostyń,Female,4248,ehowardqw,
models.User,sarnoldqx,Sandra Arnold,sarnoldqx@bloglovin.com,Ushirombo,Female,4,sarnoldqx,
models.User,jjenkinsqy,Jennifer Jenkins,jjenkinsqy@ebay.co.uk,Lipa City,Female,126,jjenkinsqy,
models.User,dhicksqz,Diane Hicks,dhicksqz@china.com.cn,Toyama-shi,Female,652,dhicksqz,
models.User,jwilsonr0,Joshua Wilson,jwilsonr0@economist.com,Vaughan,Male,19,jwilsonr0,
models.User,vsimmonsr1,Virginia Simmons,vsimmonsr1@amazon.com,Ya‘bad,Female,24,vsimmonsr1,
models.User,bwheelerr2,Brenda Wheeler,bwheelerr2@soundcloud.com,Suugaant,Female,0,bwheelerr2,
models.User,dharrisonr3,Denise Harrison,dharrisonr3@intel.com,Santiago de las Vegas,Female,0,dharrisonr3,
models.User,fnicholsr4,Frances Nichols,fnicholsr4@aboutads.info,Karamat,Female,932,fnicholsr4,
models.User,rlynchr5,Russell Lynch,rlynchr5@thetimes.co.uk,Saint-Germain-en-Laye,Male,78,rlynchr5,
models.User,jkellyr6,Joseph Kelly,jkellyr6@twitpic.com,Al Jumaylīyah,Male,3394,jkellyr6,
models.User,lfosterr7,Louise Foster,lfosterr7@gmpg.org,Belyy Yar,Female,695,lfosterr7,
models.User,sperezr8,Steve Perez,sperezr8@csmonitor.com,Liyang,Male,58,sperezr8,
models.User,sperryr9,Scott Perry,sperryr9@businessweek.com,Korczew,Male,6,sperryr9,
models.User,randrewsra,Roy Andrews,randrewsra@yandex.ru,Daba,Male,267,randrewsra,
models.User,rgriffinrb,Ronald Griffin,rgriffinrb@reference.com,Xinquan,Male,805,rgriffinrb,
models.User,nlarsonrc,Nicole Larson,nlarsonrc@php.net,Kyzylorda,Female,95,nlarsonrc,
models.User,swestrd,Shirley West,swestrd@google.de,Dłutów,Female,49,swestrd,
models.User,lgordonre,Lois Gordon,lgordonre@kickstarter.com,Zhongba,Female,2253,lgordonre,
models.User,kreyesrf,Kimberly Reyes,kreyesrf@smh.com.au,Les Cèdres,Female,2010,kreyesrf,
models.User,mmillerrg,Michael Miller,mmillerrg@google.com.au,La Loma,Male,7576,mmillerrg,
models.User,jmoorerh,Janice Moore,jmoorerh@seattletimes.com,Fukadale,Female,9,jmoorerh,
models.User,farnoldri,Frances Arnold,farnoldri@about.com,Desa Borogojol,Female,1646,farnoldri,
models.User,rpricerj,Robert Price,rpricerj@princeton.edu,Pajannangger,Male,1,rpricerj,
models.User,jfisherrk,Joe Fisher,jfisherrk@dropbox.com,Paris 02,Male,85,jfisherrk,
models.User,rmccoyrl,Ruth Mccoy,rmccoyrl@bing.com,Tipaz,Female,24,rmccoyrl,
models.User,nrayrm,Nicholas Ray,nrayrm@npr.org,Andongwei,Male,19,nrayrm,
models.User,mpetersonrn,Melissa Peterson,mpetersonrn@yolasite.com,Baryshivka,Female,50,mpetersonrn,
models.User,acrawfordro,Antonio Crawford,acrawfordro@admin.ch,Kannabechō-yahiro,Male,91,acrawfordro,
models.User,talexanderrp,Todd Alexander,talexanderrp@pagesperso-orange.fr,Kista,Male,4,talexanderrp,
models.User,ngarrettrq,Nicole Garrett,ngarrettrq@printfriendly.com,Plalar,Female,3,ngarrettrq,
models.User,pknightrr,Philip Knight,pknightrr@va.gov,Paris 19,Male,582,pknightrr,